{"type":"FeatureCollection","features":[{"type":"Feature","id":241,"geometry":{"type":"Polygon","coordinates":[[[125.54664527300008,8.9444653140000696],[125.54542833500011,8.9446091300000603],[125.54479216300001,8.9446276550000334],[125.5440762930001,8.9446503570000573],[125.5433485320001,8.9446986290000723],[125.54330180500006,8.9439948500000241],[125.54327509000007,8.9433228310000459],[125.54371431300001,8.9432726340000386],[125.54399690300011,8.943235770000058],[125.54486086600002,8.9432036440000502],[125.54582739000011,8.9430245010000249],[125.5461432730001,8.9432891870000617],[125.54664527300008,8.9444653140000696]]]},"properties":{"objectid":241,"gthcode":"8011602020020000","globalid":"{762699B4-3B3C-44CE-B928-A17FC2DC5CF0}","st_area(shape)":4.3801532686744655e-06,"reg_name":"Region XIII (Caraga)","prov_name":"Agusan del Norte","city_name":"Butuan City","brgy_name":"Agao Pob. (Bgy. 3)","reg_code":"160000000","prov_code":"160200000","city_code":"160202000","brgy_code":"160202002","psgc_10d":"1630400002","geographic_level":"Bgy","old_names":"Bgy. 3","class":"Highly Urbanized Cities (HUC)","income_class":"","urban_rural2015":"U","bgypop2015":778,"bgypop2020":490,"bgyarea_sqkm":0.053277300000000007,"gida":"No","gida_yr":null,"st_perimeter(shape)":0.0089508262832189919,"created_user":null,"created_date":null,"last_edited_user":"ADMIN2","last_edited_date":1748789490000}},{"type":"Feature","id":451,"geometry":{"type":"Polygon","coordinates":[[[125.52766737000002,8.9831893820000346],[125.52546492400006,8.9836540280000463],[125.52510870900005,8.9837984390000543],[125.52481025900011,8.9839524780000488],[125.52443478900011,8.9841065170000434],[125.52369347600006,8.9843664580000677],[125.52325529100005,8.9845400290000725],[125.52317312100001,8.9845485460000418],[125.52167176900002,8.9854060750000713],[125.52064191000011,8.9857229550000284],[125.52008737000006,8.9861454610000351],[125.51948001700009,8.9865151540000738],[125.51901598500001,8.9866767300000561],[125.51851183600002,8.9866431200000534],[125.51790685700007,8.986575900000048],[125.51755249400003,8.9864945100000568],[125.51730187800001,8.9863742400000319],[125.51712770100005,8.9862967600000729],[125.5170178410001,8.9862308440000334],[125.5168713600001,8.9861869000000638],[125.51649523900005,8.9861389720000489],[125.51588871200011,8.986224681000067],[125.5153077650001,8.9863567140000669],[125.51651992600011,8.9847667860000229],[125.51679755200007,8.9842346700000348],[125.51827822300004,8.9821756120000487],[125.52012906200002,8.9802785020000329],[125.52091566900003,8.9786127470000565],[125.52096194000001,8.9780806310000685],[125.52116492000005,8.9765323060000242],[125.52114304100007,8.975609797000061],[125.52112801300007,8.9749758670000688],[125.5211815880001,8.9744821860000457],[125.5214663480001,8.9717758800000524],[125.52171863600006,8.9710740260000534],[125.52353530900007,8.9702972890000297],[125.52559287500003,8.9708649610000748],[125.52760772700003,8.9714713460000439],[125.52783180200004,8.9715949740000269],[125.52825535300008,8.9722238130000278],[125.52831085700006,8.972298103000071],[125.52839716900007,8.9724597600000493],[125.52850258300009,8.9726348160000384],[125.52854998900011,8.9727048190000573],[125.52890754400005,8.9731619680000563],[125.53054402600003,8.9749282170000697],[125.52989071900004,8.9753918550000549],[125.52895290900005,8.9759081770000648],[125.52821530500012,8.9763612770000236],[125.5276779080001,8.976909211000077],[125.52741447700009,8.977583591000041],[125.52726695700005,8.9787426840000535],[125.52719319700009,8.9796488830000385],[125.52696137800001,8.9803548760000353],[125.52703513900008,8.981334835000041],[125.52726695700005,8.982082976000072],[125.52766737000002,8.9831893820000346]]]},"properties":{"objectid":451,"gthcode":"8011602020030000","globalid":"{BEE66A9E-CBD6-442B-A907-7FCBFCC9236D}","st_area(shape)":0.00011384474615344547,"reg_name":"Region XIII (Caraga)","prov_name":"Agusan del Norte","city_name":"Butuan City","brgy_name":"Agusan Pequeño","reg_code":"160000000","prov_code":"160200000","city_code":"160202000","brgy_code":"160202003","psgc_10d":"1630400003","geographic_level":"Bgy","old_names":"","class":"Highly Urbanized Cities (HUC)","income_class":"","urban_rural2015":"U","bgypop2015":5070,"bgypop2020":5555,"bgyarea_sqkm":1.38460406,"gida":"No","gida_yr":null,"st_perimeter(shape)":0.051255248376810753,"created_user":null,"created_date":null,"last_edited_user":"ADMIN2","last_edited_date":1748789490000}},{"type":"Feature","id":891,"geometry":{"type":"Polygon","coordinates":[[[125.51583437200009,8.9684043480000355],[125.51488417500002,8.9684987380000507],[125.51456621800003,8.9685738250000213],[125.51146317400003,8.9699708140000212],[125.5023974400001,8.9852082190000715],[125.50040230400009,8.9848594620000313],[125.48915407300001,8.9810679450000634],[125.49178399300001,8.9664851520000752],[125.49178399300001,8.9648013910000373],[125.49178399300001,8.9631176300000561],[125.49217556500003,8.9601025240000354],[125.49241050800003,8.9587711770000737],[125.49233219300004,8.9572832030000313],[125.49366354000006,8.9578314040000464],[125.49503404300003,8.958144662000052],[125.49644370300007,8.9580663470000559],[125.49759502400002,8.9578639170000542],[125.49777569900004,8.9577227650000282],[125.49811164200003,8.9575731430000474],[125.49880046400006,8.9574715140000762],[125.49963890700008,8.9573472990000482],[125.49990427400007,8.9571581560000482],[125.50009059400008,8.9569379590000722],[125.50018657700002,8.9567375230000721],[125.5001922240001,8.9564128730000334],[125.50027691500009,8.9559753010000236],[125.50040677400011,8.9557551040000476],[125.50050840400002,8.9556252440000321],[125.50092056900007,8.9552751870000407],[125.50176183500002,8.9541996080000672],[125.50197074000005,8.9540782170000739],[125.50215988400009,8.9540499860000295],[125.50302938100003,8.9539540030000353],[125.50323546300001,8.9538382580000757],[125.50350647500011,8.9536688750000621],[125.50371538000002,8.9535333700000592],[125.50419247400009,8.9526017660000434],[125.50449736300004,8.9521952480000664],[125.50462722300006,8.9520992640000259],[125.50595740400001,8.9515490900000714],[125.50660335200007,8.9512834050000265],[125.50669933600011,8.9513059890000477],[125.50685178000003,8.9513935030000766],[125.50744462000011,8.9521811320000211],[125.50764223200008,8.952254531000051],[125.5086387660001,8.9523363990000462],[125.50942357200006,8.9522940540000491],[125.51078749700002,8.9521950100000254],[125.51128960300002,8.9521585480000567],[125.51145616200006,8.9521105560000365],[125.5115803760001,8.9521274950000702],[125.51265595500001,8.9523476920000462],[125.51359038200007,8.9523363990000462],[125.51367683800004,8.9523914490000607],[125.51374670900009,8.9524740230000361],[125.51384155300002,8.9536503290000269],[125.51373809800009,8.9537399520000349],[125.51140880800006,8.955491233000032],[125.51182887100003,8.9560998960000688],[125.51392075700005,8.9594834470000251],[125.5141707570001,8.9597834480000529],[125.51454075700008,8.9600034480000659],[125.5147336550001,8.9601137870000684],[125.51463546200011,8.9609953250000558],[125.51456469700008,8.9614263470000424],[125.51451966400009,8.961799471000063],[125.51453896400005,8.9621018310000409],[125.51455826300003,8.9627001160000646],[125.51456469700008,8.9633305680000603],[125.51453896400005,8.9634270650000758],[125.51478385400003,8.9664468920000218],[125.51567331800004,8.9671463980000681],[125.51583437200009,8.9684043480000355]]]},"properties":{"objectid":891,"gthcode":"8011602020040000","globalid":"{D332492F-B18D-4C79-8366-876E5FA16E24}","st_area(shape)":0.0005719665818355701,"reg_name":"Region XIII (Caraga)","prov_name":"Agusan del Norte","city_name":"Butuan City","brgy_name":"Ambago","reg_code":"160000000","prov_code":"160200000","city_code":"160202000","brgy_code":"160202004","psgc_10d":"1630400004","geographic_level":"Bgy","old_names":"","class":"Highly Urbanized Cities (HUC)","income_class":"","urban_rural2015":"U","bgypop2015":12656,"bgypop2020":13634,"bgyarea_sqkm":6.9565752500000002,"gida":"No","gida_yr":null,"st_perimeter(shape)":0.10426878839136679,"created_user":null,"created_date":null,"last_edited_user":"ADMIN2","last_edited_date":1748789490000}},{"type":"Feature","id":995,"geometry":{"type":"Polygon","coordinates":[[[125.56346867800005,8.8568736960000365],[125.56294300800005,8.8579460620000532],[125.56233323200001,8.8590184270000236],[125.56199680300006,8.8602800340000272],[125.56153421500005,8.862529898000048],[125.56105059900005,8.863770478000049],[125.5607351970001,8.8647587370000451],[125.55981001900011,8.8659572620000517],[125.55890586800001,8.8666931990000535],[125.55764426100006,8.8678286450000314],[125.55727826500004,8.8680691570000363],[125.55617238700006,8.868795877000025],[125.55446921900011,8.8699523490000729],[125.55188292500009,8.8719498930000213],[125.55066337200003,8.8727489100000412],[125.54864480300012,8.8743048920000547],[125.54736216900005,8.8751459620000333],[125.54618466900001,8.8759870330000581],[125.54490203700004,8.8768281040000261],[125.54378761700002,8.8779845770000634],[125.54165685500004,8.8763604870000563],[125.52801213300006,8.8633257610000555],[125.54242074000001,8.8605330120000758],[125.54723466400003,8.8582311430000686],[125.54926288900003,8.855478989000062],[125.55006649600011,8.8528490020000277],[125.55012512000008,8.8497572580000678],[125.54825150200008,8.8480509290000668],[125.5499051380001,8.8459173360000705],[125.55255547800004,8.8432662330000653],[125.55558442800009,8.8401803700000414],[125.56086602100004,8.8367156450000266],[125.56072318300005,8.8238168960000394],[125.56134659800011,8.8236752110000225],[125.56235256500008,8.8239869200000385],[125.57315567900002,8.8250403390000542],[125.57350331400005,8.8195554350000407],[125.57893782700012,8.8190578880000317],[125.57886698400011,8.8197379780000347],[125.57905117500002,8.8199363380000477],[125.57933454600004,8.820347226000024],[125.57977377100008,8.8212965180000538],[125.5799862990001,8.8215798890000769],[125.58022716500011,8.8219624400000498],[125.58055304100003,8.8227275400000735],[125.58081693000008,8.8233757510000714],[125.58119948100011,8.8243958860000475],[125.58126323900001,8.8251928670000552],[125.58132699800001,8.8271374990000595],[125.58116814200002,8.8279120290000606],[125.58059801000002,8.8288242420000529],[125.57917267700009,8.8312758120000581],[125.57769033200009,8.8332997840000758],[125.57686364000006,8.8341549830000758],[125.57580889400003,8.8358653820000654],[125.57422477200009,8.8384843550000483],[125.57377055800009,8.8393798200000333],[125.5735002240001,8.8405330760000425],[125.57355019300007,8.8434062840000252],[125.57431356900008,8.8456593250000424],[125.57437467900002,8.8467042260000426],[125.57449960000008,8.8478784930000529],[125.57422477200009,8.8487279630000444],[125.57347524000011,8.8499272150000365],[125.57147648700004,8.8517260930000248],[125.56970259400009,8.8533250940000698],[125.56732907500009,8.8548241590000316],[125.56455580500005,8.856048395000073],[125.56346867800005,8.8568736960000365]]]},"properties":{"objectid":995,"gthcode":"8011602020060000","globalid":"{B4DF2345-8604-4176-A8C0-69B5F5DA24E0}","st_area(shape)":0.0010645120380882284,"reg_name":"Region XIII (Caraga)","prov_name":"Agusan del Norte","city_name":"Butuan City","brgy_name":"Amparo","reg_code":"160000000","prov_code":"160200000","city_code":"160202000","brgy_code":"160202006","psgc_10d":"1630400006","geographic_level":"Bgy","old_names":"","class":"Highly Urbanized Cities (HUC)","income_class":"","urban_rural2015":"U","bgypop2015":2981,"bgypop2020":3281,"bgyarea_sqkm":12.951276099999999,"gida":"Yes","gida_yr":"2023","st_perimeter(shape)":0.18323648347572818,"created_user":null,"created_date":null,"last_edited_user":"ADMIN2","last_edited_date":1748789465000}},{"type":"Feature","id":997,"geometry":{"type":"Polygon","coordinates":[[[125.6212477040001,8.9672038690000591],[125.60491831900003,8.9735640090000288],[125.60216624400005,8.9734852580000393],[125.59657801600008,8.9733266500000468],[125.59409298800006,8.973254091000058],[125.59440755500009,8.9692418150000321],[125.59487207500001,8.96688348400005],[125.59493526000006,8.9663044000000696],[125.59192639700007,8.9637823340000296],[125.58955834900007,8.962766489000046],[125.58941620100006,8.9628578700000503],[125.58909814200001,8.9630899670000304],[125.58888323800011,8.963253294000026],[125.58864254600007,8.9634166220000679],[125.58837606500003,8.9636057370000231],[125.58819554500008,8.9637690640000756],[125.58814396800005,8.9638206410000407],[125.58803221800008,8.9640441420000343],[125.58801502600011,8.9641301030000591],[125.58797204400003,8.9642934300000547],[125.58791187200006,8.9644997380000291],[125.58783450600004,8.9646028920000731],[125.58765398600008,8.9646716610000681],[125.58733592800002,8.9648263930000667],[125.5879194370001,8.960906327000032],[125.58832051900004,8.9581886100000361],[125.58745036300002,8.9580322000000479],[125.58905768800003,8.9511441010000681],[125.58917916000007,8.9507618440000556],[125.59265637700003,8.9514810790000752],[125.59776735100002,8.9523917070000607],[125.60157090000007,8.9530249490000529],[125.60392344700006,8.9534561390000249],[125.60765921900008,8.9541043540000373],[125.60832469400009,8.9542990170000394],[125.6106668430001,8.9542576970000596],[125.61193604100004,8.9566878050000582],[125.6219371840001,8.9594750460000228],[125.6212477040001,8.9672038690000591]]]},"properties":{"objectid":997,"gthcode":"8011602020070000","globalid":"{FB9BD942-B3D3-423E-94B7-9DC05E251604}","st_area(shape)":0.00052835269135549515,"reg_name":"Region XIII (Caraga)","prov_name":"Agusan del Norte","city_name":"Butuan City","brgy_name":"Ampayon","reg_code":"160000000","prov_code":"160200000","city_code":"160202000","brgy_code":"160202007","psgc_10d":"1630400007","geographic_level":"Bgy","old_names":"","class":"Highly Urbanized Cities (HUC)","income_class":"","urban_rural2015":"U","bgypop2015":12720,"bgypop2020":13820,"bgyarea_sqkm":6.4262162299999996,"gida":"No","gida_yr":null,"st_perimeter(shape)":0.10280095597407472,"created_user":null,"created_date":null,"last_edited_user":"ADMIN2","last_edited_date":1748789490000}},{"type":"Feature","id":1310,"geometry":{"type":"Polygon","coordinates":[[[125.70142703100009,8.9914331190000212],[125.73561859100005,9.0483102800000665],[125.67608019500005,9.0463690250000468],[125.65484049700001,9.0464215910000689],[125.65072799300003,9.0261388880000482],[125.64776074700001,9.0161359420000622],[125.64641456700008,9.0115978060000543],[125.64588328200011,9.0111002540000413],[125.64529296500007,9.010240078000038],[125.64484601200002,9.0096581950000427],[125.64455085400004,9.0091184770000723],[125.64438219100009,9.0086546560000329],[125.64433159300006,9.0084691290000478],[125.64425569500008,9.0083426320000513],[125.64419666400011,9.0080221750000646],[125.64408703400011,9.0076342520000594],[125.64410390000012,9.0071788650000713],[125.64417136400004,9.0068668410000328],[125.64434846000006,9.0065042180000319],[125.64439062500003,9.0062174930000651],[125.64435689300001,9.00579583800004],[125.6443062940001,9.0055512790000307],[125.64417136400004,9.0052308210000547],[125.64397740300001,9.0050115600000709],[125.64288228300006,9.0044429720000494],[125.6416836090001,9.0032116070000257],[125.64104068400002,9.0025468880000403],[125.64061570000001,9.0019475510000575],[125.64037596500009,9.0015225670000518],[125.63984035900012,9.0001950720000536],[125.63962304100005,8.9997749250000538],[125.63928982200002,8.9993692660000306],[125.63857708100011,8.9985726590000468],[125.63829501100008,8.9981965640000681],[125.63813079600004,8.9978190690000588],[125.63792746400009,8.9972905200000355],[125.63779014200009,8.9965376860000674],[125.63770398800011,8.9960442560000615],[125.63764916200012,8.9951983760000758],[125.63765699500004,8.9949164160000237],[125.63770398800011,8.994689281000035],[125.63776664500006,8.9945169720000422],[125.6379389550001,8.9942271800000526],[125.63827574000004,8.9937337500000467],[125.63909812300005,8.9925040910000575],[125.64036587800001,8.9924566320000281],[125.64397063500007,8.9922862830000554],[125.65263123700004,8.991940335000038],[125.66574331000004,8.992136404000064],[125.67203997500008,8.9919131310000466],[125.68075847000011,8.991596095000034],[125.6859895660001,8.9917546130000687],[125.69090362600002,8.9917546130000687],[125.69709806800006,8.9921060740000485],[125.70142703100009,8.9914331190000212]]]},"properties":{"objectid":1310,"gthcode":"8011602020080000","globalid":"{4E1B89E4-354D-4083-B34F-3FAF9B866F05}","st_area(shape)":0.0038998080936591345,"reg_name":"Region XIII (Caraga)","prov_name":"Agusan del Norte","city_name":"Butuan City","brgy_name":"Anticala","reg_code":"160000000","prov_code":"160200000","city_code":"160202000","brgy_code":"160202008","psgc_10d":"1630400008","geographic_level":"Bgy","old_names":"","class":"Highly Urbanized Cities (HUC)","income_class":"","urban_rural2015":"R","bgypop2015":3864,"bgypop2020":4913,"bgyarea_sqkm":47.424939450000004,"gida":"Yes","gida_yr":"2023","st_perimeter(shape)":0.26818721567746584,"created_user":null,"created_date":null,"last_edited_user":"ADMIN2","last_edited_date":1748789465000}},{"type":"Feature","id":1357,"geometry":{"type":"Polygon","coordinates":[[[125.6351562960001,8.9629068600000323],[125.63494194700002,8.9629699030000438],[125.63431151100008,8.9629368050000267],[125.63407194600006,8.9630644690000736],[125.6212477040001,8.9672038690000591],[125.6219371840001,8.9594750460000228],[125.61193604100004,8.9566878050000582],[125.6106668430001,8.9542576970000596],[125.60832469400009,8.9542990170000394],[125.60765921900008,8.9541043540000373],[125.60392344700006,8.9534561390000249],[125.60556626000005,8.9446378690000756],[125.60638932900008,8.9447459490000369],[125.60656807600003,8.9448249300000384],[125.60838049000006,8.9451325410000209],[125.60991023400004,8.9454401530000496],[125.61157415000002,8.94572714800006],[125.61164934300007,8.9457432620000645],[125.61174064800002,8.9457217780000633],[125.61183732600011,8.9456573260000596],[125.61189640600003,8.9455821330000731],[125.61228848500002,8.9454639720000273],[125.61267519300009,8.9453243280000265],[125.61284706400011,8.9452813600000241],[125.61289540200005,8.9452061670000376],[125.61291688600011,8.945120232000022],[125.6129867090001,8.9450128120000727],[125.61326062700005,8.9447711200000413],[125.61339490000012,8.9447335240000712],[125.61353991600004,8.9447979750000286],[125.61366881800006,8.9447979750000286],[125.61379772100008,8.9446851850000257],[125.61380846300005,8.9445562820000646],[125.61376549500005,8.9442984760000286],[125.61377623700002,8.9440997520000565],[125.61383531800004,8.9439815910000675],[125.61395885000002,8.9438634300000217],[125.61417368700006,8.9437882370000352],[125.61458187900007,8.9437560120000512],[125.61466781400009,8.9437237850000315],[125.61473226600003,8.9436647050000602],[125.61482357200009,8.9436432210000589],[125.61490950700011,8.9436539630000311],[125.61497932900011,8.9436969310000336],[125.61516194100011,8.9437882370000352],[125.61531232800007,8.9438526880000495],[125.61539289200005,8.9438526880000495],[125.61554865000005,8.9437989790000643],[125.61574737500007,8.9437291560000745],[125.61586016400008,8.9437882370000352],[125.6160588890001,8.9438204630000655],[125.6161287110001,8.9438204630000655],[125.61635966300003,8.9437721240000769],[125.61653153200007,8.9438097210000365],[125.61664432200007,8.9438688010000646],[125.61677859600002,8.9439117690000671],[125.61689675700006,8.9439010270000381],[125.61700954700007,8.9437184150000348],[125.61705251400008,8.9436539630000311],[125.61714382000002,8.9436109960000749],[125.61719215900007,8.9436432210000589],[125.61752985500004,8.9438646830000721],[125.61768628600009,8.9439654780000524],[125.61786352700005,8.9439869620000536],[125.61797094600001,8.943927881000036],[125.61809984900003,8.9437560120000512],[125.6181643000001,8.9435841410000307],[125.61822338100001,8.94352506000007],[125.61830817400005,8.9435186520000229],[125.61835765400008,8.9435035770000582],[125.61839525100004,8.9434444960000405],[125.61848118600005,8.9432618850000267],[125.61852709100003,8.9430909280000606],[125.6185191510001,8.942987707000043],[125.6185323840001,8.9429374190000317],[125.61854561700011,8.9429030120000448],[125.61865677800006,8.9428236110000512],[125.61876861500002,8.9427381600000331],[125.61882616800006,8.9426462820000552],[125.61884204800003,8.9425721750000662],[125.61883940100006,8.942463660000044],[125.6188870420001,8.9422889770000324],[125.61899026200001,8.9422095770000283],[125.61914377100004,8.9421963440000241],[125.61928404700006,8.9421698770000262],[125.61944549500004,8.9420375410000474],[125.61964135100004,8.9418707990000712],[125.61981603300001,8.9417675780000536],[125.61983456000007,8.9417490510000448],[125.61986632000003,8.9417067040000688],[125.61990602000003,8.941664357000036],[125.61999865500002,8.9416299500000491],[125.62007541000003,8.9415823090000686],[125.62015745700012,8.94148702800004],[125.62015481100002,8.9414605610000422],[125.62013628400007,8.9414049800000726],[125.62014422400011,8.9413361650000525],[125.62015216400005,8.9412991120000243],[125.62024479900003,8.941235592000055],[125.62039301300001,8.9412144180000723],[125.62077149100003,8.9411853040000437],[125.62088666600005,8.9411062380000317],[125.62092893800002,8.9410216940000282],[125.62104274700005,8.9408233410000548],[125.62662188600007,8.9432851440000718],[125.64367590900008,8.9471751050000421],[125.63614621900001,8.9604587510000329],[125.6351562960001,8.9629068600000323]]]},"properties":{"objectid":1357,"gthcode":"8011602020090000","globalid":"{E9075CAF-1FC4-4D36-9EB5-1CF688702A46}","st_area(shape)":0.00057090087681098921,"reg_name":"Region XIII (Caraga)","prov_name":"Agusan del Norte","city_name":"Butuan City","brgy_name":"Antongalon","reg_code":"160000000","prov_code":"160200000","city_code":"160202000","brgy_code":"160202009","psgc_10d":"1630400009","geographic_level":"Bgy","old_names":"","class":"Highly Urbanized Cities (HUC)","income_class":"","urban_rural2015":"R","bgypop2015":3643,"bgypop2020":4159,"bgyarea_sqkm":6.9439030000000006,"gida":"No","gida_yr":null,"st_perimeter(shape)":0.11173640024010445,"created_user":null,"created_date":null,"last_edited_user":"ADMIN2","last_edited_date":1748789490000}},{"type":"Feature","id":1693,"geometry":{"type":"Polygon","coordinates":[[[125.57228295400012,8.8864375300000233],[125.57103660100006,8.8863259170000219],[125.5685252940001,8.8868095760000756],[125.56500946400001,8.888241952000044],[125.55644573500001,8.898780056000021],[125.55613138300009,8.8981090470000481],[125.55564671800005,8.896803539000075],[125.55516310200005,8.8957522000000608],[125.5549107810001,8.8948690760000204],[125.5543851110001,8.8941541650000318],[125.55297631700012,8.8921145680000677],[125.55215627300004,8.891084256000056],[125.55121006800005,8.8901590790000569],[125.55024283700004,8.889570329000037],[125.54881301600005,8.8886241240000459],[125.54771962400002,8.8881615350000516],[125.54658417900009,8.8876989460000573],[125.54538565200005,8.8872153310000499],[125.54401891200007,8.8866476080000325],[125.54324092100001,8.8859326970000438],[125.54221060900011,8.885449081000047],[125.5420037340001,8.8853174330000684],[125.54171063100011,8.885137266000072],[125.54128543200011,8.8848603320000734],[125.54040230800001,8.8840192610000486],[125.54054949400006,8.8827366280000319],[125.54094900400003,8.8817693960000383],[125.54147467300004,8.880465736000076],[125.54191623500003,8.8796456920000537],[125.5426731980001,8.8788887280000495],[125.54378761700002,8.8779845770000634],[125.54490203700004,8.8768281040000261],[125.54618466900001,8.8759870330000581],[125.54736216900005,8.8751459620000333],[125.54864480300012,8.8743048920000547],[125.55066337200003,8.8727489100000412],[125.55188292500009,8.8719498930000213],[125.55446921900011,8.8699523490000729],[125.55617238700006,8.868795877000025],[125.55727826500004,8.8680691570000363],[125.55764426100006,8.8678286450000314],[125.55890586800001,8.8666931990000535],[125.55981001900011,8.8659572620000517],[125.5607351970001,8.8647587370000451],[125.56105059900005,8.863770478000049],[125.56153421500005,8.862529898000048],[125.56199680300006,8.8602800340000272],[125.56233323200001,8.8590184270000236],[125.56294300800005,8.8579460620000532],[125.56346867800005,8.8568736960000365],[125.56673613400005,8.8597866460000319],[125.56817835900006,8.8611794790000431],[125.5694006330001,8.8629676870000367],[125.57094825800004,8.8649707730000387],[125.57213935200002,8.8674482470000271],[125.57333044500001,8.8704974470000479],[125.57433096400007,8.8742136590000769],[125.57404510100002,8.8785015960000351],[125.57313987000009,8.8809314270000641],[125.57228295400012,8.8864375300000233]]]},"properties":{"objectid":1693,"gthcode":"8011602020100000","globalid":"{D729CA43-55F4-4092-995F-86534E61D1AB}","st_area(shape)":0.0006980417531590894,"reg_name":"Region XIII (Caraga)","prov_name":"Agusan del Norte","city_name":"Butuan City","brgy_name":"Aupagan","reg_code":"160000000","prov_code":"160200000","city_code":"160202000","brgy_code":"160202010","psgc_10d":"1630400010","geographic_level":"Bgy","old_names":"","class":"Highly Urbanized Cities (HUC)","income_class":"","urban_rural2015":"R","bgypop2015":1660,"bgypop2020":1902,"bgyarea_sqkm":8.4920019300000007,"gida":"No","gida_yr":null,"st_perimeter(shape)":0.11452882772763927,"created_user":null,"created_date":null,"last_edited_user":"ADMIN2","last_edited_date":1748789490000}},{"type":"Feature","id":1811,"geometry":{"type":"Polygon","coordinates":[[[125.5879194370001,8.960906327000032],[125.58167019300004,8.9597784990000378],[125.58161841800006,8.9600500780000516],[125.58147565500008,8.9607831090000332],[125.58138505500006,8.9612937600000464],[125.58133783200003,8.9615820990000543],[125.58126700100001,8.9620817010000451],[125.58116542000005,8.9626664790000632],[125.5810830580001,8.9631002580000541],[125.58094578500004,8.9637673990000621],[125.58086342200011,8.9641847060000259],[125.58075909600007,8.9646486850000429],[125.58071426900005,8.9648722200000748],[125.58059080500004,8.9648532260000593],[125.58035717100006,8.9648494270000469],[125.58008885200002,8.9648810740000613],[125.57977435300006,8.9649302140000486],[125.57709129000011,8.9654511020000314],[125.57682593200002,8.9655100700000503],[125.57644263800012,8.9655493830000523],[125.57459894600004,8.9656176750000327],[125.57373786500011,8.9657122980000281],[125.57333098000004,8.9658069230000592],[125.57305657000006,8.9659110100000703],[125.57250774800002,8.966393594000067],[125.57239419900009,8.9664976810000212],[125.57232796200003,8.9665449930000705],[125.57211032600003,8.9665544560000399],[125.57200623900007,8.9665449930000705],[125.57163720400001,8.9664787560000718],[125.57082738000008,8.9663841240000579],[125.56992459700007,8.9663146800000391],[125.56874403600011,8.9660831970000459],[125.56632412700003,8.9655683760000215],[125.56611560500005,8.9655280170000538],[125.56593735200011,8.9655145640000455],[125.56574228400007,8.9654977480000753],[125.56557075800004,8.9654977480000753],[125.5652983330001,8.9654775680000398],[125.56513017100008,8.9654338460000531],[125.56490483200002,8.9653934870000285],[125.56471985300004,8.965369944000031],[125.5645214220001,8.9653262210000548],[125.56421536400001,8.9652455040000518],[125.56406065500005,8.9652488670000707],[125.56388576500001,8.9652791360000492],[125.56374114500011,8.9653363120000336],[125.56359652500009,8.9653867600000581],[125.5634115470001,8.9653867600000581],[125.56306513000004,8.9655112010000266],[125.56286333500009,8.9655616490000511],[125.56266154000002,8.9656322780000437],[125.56252364600005,8.9656894530000386],[125.56235548400002,8.9657970780000369],[125.5622512220001,8.965914792000035],[125.56217386700007,8.96597196700003],[125.56205279100004,8.9659820560000298],[125.56192498600001,8.9660089630000357],[125.56183081500001,8.9660661390000769],[125.56165592600007,8.966183853000075],[125.56149112600008,8.9661804890000667],[125.56131960000005,8.966146856000023],[125.56120525000006,8.9661535830000503],[125.5610707190001,8.9662073950000263],[125.56088910300002,8.9662746600000673],[125.56073103000006,8.9662612070000591],[125.56051914500006,8.9662107590000346],[125.56034425600001,8.966146856000023],[125.56018281900003,8.9661502200000314],[125.56003820000001,8.9661670360000585],[125.55988012700004,8.9662006680000559],[125.55975904900004,8.966183853000075],[125.55967496800008,8.966146856000023],[125.55947989900005,8.9661535830000503],[125.55929155600006,8.9661872150000477],[125.55919065900002,8.9662982030000649],[125.55910407600004,8.9664345200000639],[125.55894347500009,8.9662901440000269],[125.5587727730001,8.9661300400000528],[125.55773230700004,8.9617663950000406],[125.5537077780001,8.9599668450000536],[125.55366237500004,8.9595077610000544],[125.55358165600012,8.9590335410000534],[125.55340508500001,8.9585895910000204],[125.55319320000001,8.958226360000026],[125.55289555200011,8.9577218710000466],[125.55228069600003,8.9570001350000439],[125.55250764900006,8.9555023030000598],[125.55408590400009,8.9520900660000393],[125.55350598300004,8.9483383830000207],[125.55359116300008,8.9478597650000324],[125.55375318200004,8.9469459950000214],[125.55384903600009,8.9464616860000206],[125.55392975300003,8.946058095000069],[125.55401551600005,8.9457604470000547],[125.55406596500006,8.9453972150000709],[125.55414668300011,8.9448977710000577],[125.55425767100007,8.9445547190000525],[125.5543585690001,8.9440300500000376],[125.55445442100006,8.9436163700000293],[125.55454018400007,8.9432834080000703],[125.55461081300007,8.9427940540000463],[125.5547117110001,8.9424106420000271],[125.55480756400004,8.9420373210000434],[125.55487314700008,8.9416942680000489],[125.5549589100001,8.9412553640000283],[125.55504467300011,8.940806369000029],[125.55510016700009,8.9404582720000576],[125.55517584000006,8.9401555790000771],[125.55532214200002,8.9395855060000713],[125.55539771400004,8.9393473300000323],[125.55547853300004,8.9391213770000491],[125.55556569700002,8.9389146330000244],[125.55566211100006,8.938768891000052],[125.55577197800005,8.9385827910000444],[125.55612175600004,8.9382173170000669],[125.55625852900005,8.9381074510000644],[125.55649619900009,8.937941530000046],[125.55680113400001,8.9377464610000743],[125.55703656200001,8.9376590170000441],[125.55722490400001,8.9376186580000763],[125.55755674600005,8.9375603620000561],[125.55789755600006,8.9374549790000515],[125.55819968800006,8.9373008300000265],[125.55842502700011,8.9371999320000555],[125.55870417800008,8.9371225770000251],[125.55895642100006,8.9370418590000327],[125.55924566200008,8.9369611410000402],[125.55960216700009,8.9368568800000503],[125.55991495000001,8.9367559820000224],[125.56018737400007,8.9366517210000325],[125.56049343000007,8.9365440970000236],[125.56081966600004,8.9364331090000633],[125.5610685470001,8.9362548570000513],[125.5614998850001,8.9358327690000579],[125.56166132100009,8.9359588900000517],[125.5618530270001,8.9360951030000706],[125.5620649120001,8.9359891600000765],[125.56225661700012,8.9360698780000689],[125.5623978750001,8.9361606860000506],[125.56253408600003,8.9363170770000693],[125.56281155500005,8.9362817630000677],[125.56308902400008,8.9361304160000259],[125.56335135800009,8.936019429000055],[125.56358846800003,8.9358983520000379],[125.56376503900003,8.9357268260000637],[125.56391638600007,8.9355603440000664],[125.56406268700005,8.9355553000000327],[125.56414845000006,8.9356410630000482],[125.56420898900001,8.93586808200007],[125.56425439200007,8.9360295190000443],[125.56436033500006,8.9361253720000491],[125.56455708600004,8.9361909550000291],[125.5647588810001,8.9361859100000629],[125.56496572200001,8.9360900580000475],[125.56523310000011,8.9360396080000442],[125.56548534500007,8.936004295000032],[125.56578803700006,8.9360143840000319],[125.56606550600009,8.9359588900000517],[125.56626225700006,8.9358983520000379],[125.56640351400006,8.9357974540000669],[125.56651954600011,8.935646107000025],[125.56668098200009,8.9356612420000374],[125.56681719500011,8.9357066460000283],[125.56689286800008,8.93586808200007],[125.56699881000009,8.9360345640000673],[125.56714511200005,8.9361657310000737],[125.5672258300001,8.9363120330000356],[125.56733681800006,8.9364785130000541],[125.5674698790001,8.9365878130000738],[125.56772022900009,8.9366803090000531],[125.56790689000002,8.9368266100000255],[125.56811877500002,8.9369830020000336],[125.5682802120001,8.937169663000077],[125.56841642300003,8.9373714580000296],[125.56852152500005,8.9375396220000312],[125.5686493290001,8.9377145110000242],[125.56877377000001,8.9378557680000768],[125.56893184300009,8.9380138400000533],[125.56904283000006,8.9381651870000383],[125.56915381800002,8.9383131710000612],[125.56922108200001,8.938474607000046],[125.56933543300011,8.9386360430000309],[125.56945651100011,8.938804206000043],[125.56961206100004,8.938955553000028],[125.56978358800006,8.9391472580000482],[125.5700610560001,8.9393036500000562],[125.57029312100008,8.9394449060000625],[125.57059076900009,8.9395861630000581],[125.57093382200003,8.9396214780000491],[125.57135254700006,8.9396366120000721],[125.57155938700009,8.9397980490000464],[125.57207901000004,8.9398333620000585],[125.57234638900002,8.9398081380000463],[125.57415989600008,8.9390792300000612],[125.57423333800011,8.9390475480000759],[125.5743700590001,8.9389885710000385],[125.57444011300004,8.9389514830000394],[125.57453077200012,8.9388979120000727],[125.57517362400006,8.9383745650000606],[125.57576290500003,8.9378388550000523],[125.57584944200005,8.9377770420000502],[125.57592361700006,8.9377770420000502],[125.57736948100012,8.9381684290000294],[125.57824080600005,8.9406177030000435],[125.57872013700012,8.9416690940000763],[125.57894401200008,8.9421416500000532],[125.57925222300003,8.9424638710000295],[125.57961647400009,8.942940199000077],[125.58030800300003,8.9435646550000456],[125.5806707800001,8.9438669690000552],[125.5812986630001,8.9442948590000242],[125.58176841300008,8.9445320600000287],[125.58223351200002,8.9447367040000358],[125.58299039200006,8.9450520980000761],[125.58433498200009,8.9453380610000295],[125.59007768300012,8.9462397730000589],[125.58917916000007,8.9507618440000556],[125.58905768800003,8.9511441010000681],[125.58745036300002,8.9580322000000479],[125.58832051900004,8.9581886100000361],[125.5879194370001,8.960906327000032]]]},"properties":{"objectid":1811,"gthcode":"8011602020120000","globalid":"{D4974E98-C075-403F-AE98-25A3E8968BBB}","st_area(shape)":0.00084322760614803801,"reg_name":"Region XIII (Caraga)","prov_name":"Agusan del Norte","city_name":"Butuan City","brgy_name":"Baan KM 3","reg_code":"160000000","prov_code":"160200000","city_code":"160202000","brgy_code":"160202012","psgc_10d":"1630400012","geographic_level":"Bgy","old_names":"","class":"Highly Urbanized Cities (HUC)","income_class":"","urban_rural2015":"U","bgypop2015":11308,"bgypop2020":14539,"bgyarea_sqkm":10.256248489999999,"gida":"No","gida_yr":null,"st_perimeter(shape)":0.12394031343325722,"created_user":null,"created_date":null,"last_edited_user":"ADMIN2","last_edited_date":1748789490000}},{"type":"Feature","id":1812,"geometry":{"type":"Polygon","coordinates":[[[125.55250764900006,8.9555023030000598],[125.5501439300001,8.9550530940000499],[125.54781282400006,8.9562312890000726],[125.54351707500007,8.9552131160000386],[125.54363649700008,8.9548618760000522],[125.54388236500006,8.9539627020000694],[125.54407203500011,8.9532602220000399],[125.54447771900004,8.9520797240000434],[125.54457951200004,8.9517968500000507],[125.54468853600008,8.9515495430000556],[125.5448026140001,8.9512792280000326],[125.54510468000001,8.9507664180000575],[125.5453011510001,8.950414361000071],[125.54538567200007,8.9502676570000403],[125.54570178800009,8.9496775730000309],[125.54600385400011,8.9489469950000284],[125.54618355300011,8.9487186310000766],[125.54634104500008,8.9485184810000646],[125.54651666500001,8.9480548450000583],[125.54709259100002,8.9483602200000405],[125.54770321100011,8.9486973320000516],[125.54786858700004,8.9488245450000363],[125.54802760200005,8.9489517570000316],[125.54845306200002,8.9495216060000757],[125.5490670480001,8.950493381000058],[125.54912442500006,8.9505826560000514],[125.54917887500005,8.9506627640000715],[125.54936333300009,8.9508663040000442],[125.54947146300003,8.9509617140000728],[125.54963322900005,8.9510642630000348],[125.54979641000011,8.9511458530000709],[125.55019250200007,8.9512525710000546],[125.55040011400001,8.9513051870000595],[125.55170075800004,8.9516134450000209],[125.5517010960001,8.9516135250000275],[125.5521543430001,8.951719229000048],[125.55273411400003,8.9518201860000204],[125.55380940700002,8.9520366580000541],[125.55408590400009,8.9520900660000393],[125.55250764900006,8.9555023030000598]]]},"properties":{"objectid":1812,"gthcode":"8011602020330000","globalid":"{AFD83204-FA22-490F-A47E-1AE54C9E8544}","st_area(shape)":4.7614396403315515e-05,"reg_name":"Region XIII (Caraga)","prov_name":"Agusan del Norte","city_name":"Butuan City","brgy_name":"Baan Riverside Pob. (Bgy. 20)","reg_code":"160000000","prov_code":"160200000","city_code":"160202000","brgy_code":"160202033","psgc_10d":"1630400033","geographic_level":"Bgy","old_names":"Bgy. 20","class":"Highly Urbanized Cities (HUC)","income_class":"","urban_rural2015":"U","bgypop2015":5376,"bgypop2020":5478,"bgyarea_sqkm":0.57913630000000005,"gida":"No","gida_yr":null,"st_perimeter(shape)":0.03001627566462765,"created_user":null,"created_date":null,"last_edited_user":"ADMIN2","last_edited_date":1748789490000}},{"type":"Feature","id":1829,"geometry":{"type":"Polygon","coordinates":[[[125.51385539900002,8.986779221000063],[125.51293116700003,8.9870696940000698],[125.51240303300006,8.9870696940000698],[125.51092426000002,8.9870696940000698],[125.50995396900009,8.9869874690000415],[125.50900842800002,8.9870144840000421],[125.50783669700002,8.9870404490000624],[125.50756772900002,8.9870068280000623],[125.50676718600005,8.986906761000057],[125.50604526600011,8.9867463340000313],[125.50529661000007,8.9865859070000624],[125.50460142700001,8.9864254800000367],[125.5023974400001,8.9852082190000715],[125.51146317400003,8.9699708140000212],[125.51456621800003,8.9685738250000213],[125.51488417500002,8.9684987380000507],[125.51583437200009,8.9684043480000355],[125.51681376200008,8.9683954800000265],[125.51777567000011,8.9683917630000565],[125.51794871900006,8.9685176170000318],[125.51782601100001,8.9687410070000624],[125.51945267400004,8.9692821800000502],[125.51979562600002,8.9693608380000569],[125.52171863600006,8.9710740260000534],[125.5214663480001,8.9717758800000524],[125.5211815880001,8.9744821860000457],[125.52112801300007,8.9749758670000688],[125.52114304100007,8.975609797000061],[125.52116492000005,8.9765323060000242],[125.52096194000001,8.9780806310000685],[125.52091566900003,8.9786127470000565],[125.52012906200002,8.9802785020000329],[125.51827822300004,8.9821756120000487],[125.51679755200007,8.9842346700000348],[125.51651992600011,8.9847667860000229],[125.5153077650001,8.9863567140000669],[125.51475918100004,8.9865763240000547],[125.51385539900002,8.986779221000063]]]},"properties":{"objectid":1829,"gthcode":"8011602020130000","globalid":"{2374BBF2-430B-4E45-8BB8-C197940CD1EF}","st_area(shape)":0.00022950380417152924,"reg_name":"Region XIII (Caraga)","prov_name":"Agusan del Norte","city_name":"Butuan City","brgy_name":"Babag","reg_code":"160000000","prov_code":"160200000","city_code":"160202000","brgy_code":"160202013","psgc_10d":"1630400013","geographic_level":"Bgy","old_names":"","class":"Highly Urbanized Cities (HUC)","income_class":"","urban_rural2015":"R","bgypop2015":1823,"bgypop2020":2016,"bgyarea_sqkm":2.7912756599999997,"gida":"No","gida_yr":null,"st_perimeter(shape)":0.060110069759664611,"created_user":null,"created_date":null,"last_edited_user":"ADMIN2","last_edited_date":1748789490000}},{"type":"Feature","id":2068,"geometry":{"type":"Polygon","coordinates":[[[125.53633948600009,8.9722412320000444],[125.53551758500009,8.9725994960000435],[125.53449547600007,8.9730420580000327],[125.53351551700007,8.9733476370000744],[125.53247233400009,8.9737691250000466],[125.5312710930001,8.9743170590000432],[125.53054402600003,8.9749282170000697],[125.52890754400005,8.9731619680000563],[125.52854998900011,8.9727048190000573],[125.52850258300009,8.9726348160000384],[125.52839716900007,8.9724597600000493],[125.52831085700006,8.972298103000071],[125.52825535300008,8.9722238130000278],[125.52783180200004,8.9715949740000269],[125.52760772700003,8.9714713460000439],[125.52559287500003,8.9708649610000748],[125.52886819800005,8.9679226260000746],[125.53182201600009,8.9652693350000732],[125.53281856400008,8.9658097010000688],[125.53429102100006,8.9647075290000657],[125.53454199600003,8.964538472000072],[125.53610762400001,8.9653830960000391],[125.53638510000007,8.9655393780000736],[125.53792294800007,8.9665775340000664],[125.5399358730001,8.9669781790000229],[125.54191366500004,8.9676996990000362],[125.5413973420001,8.9683635420000769],[125.54079672100011,8.9688587900000698],[125.54026986200006,8.9691538320000745],[125.53977461300008,8.9695331710000232],[125.53914238200002,8.9701759400000469],[125.53836262900006,8.9708819330000438],[125.53767771100001,8.9713877180000736],[125.53700333000006,8.9718935030000466],[125.53633948600009,8.9722412320000444]]]},"properties":{"objectid":2068,"gthcode":"8011602020140000","globalid":"{194B3C9C-F157-4843-8D3F-417D333671B6}","st_area(shape)":8.4486636810757572e-05,"reg_name":"Region XIII (Caraga)","prov_name":"Agusan del Norte","city_name":"Butuan City","brgy_name":"Bading Pob. (Bgy. 22)","reg_code":"160000000","prov_code":"160200000","city_code":"160202000","brgy_code":"160202014","psgc_10d":"1630400014","geographic_level":"Bgy","old_names":"Bgy. 22","class":"Highly Urbanized Cities (HUC)","income_class":"","urban_rural2015":"U","bgypop2015":4921,"bgypop2020":5668,"bgyarea_sqkm":1.0275694400000002,"gida":"No","gida_yr":null,"st_perimeter(shape)":0.040107275720476634,"created_user":null,"created_date":null,"last_edited_user":"ADMIN2","last_edited_date":1748789490000}},{"type":"Feature","id":3394,"geometry":{"type":"Polygon","coordinates":[[[125.49077338300003,8.952689613000075],[125.49015586600001,8.9528655320000325],[125.48963278700012,8.9530529030000707],[125.48892364000005,8.9533088030000272],[125.48873626900001,8.9535031140000569],[125.48847086000001,8.9537456830000224],[125.48821243700002,8.9540469900000517],[125.4880317410001,8.9543051280000441],[125.48783813700004,8.9545051850000732],[125.48768067300011,8.9546726990000707],[125.48757121000006,8.9547616370000469],[125.48730781400002,8.9549121490000516],[125.48706494300006,8.954987405000054],[125.48685970000008,8.9550147710000374],[125.48650052400001,8.9549942470000587],[125.48622005900006,8.9549472890000743],[125.48592685400001,8.9549906830000623],[125.4856671980001,8.9550536970000394],[125.48537117000001,8.9551327320000382],[125.48520516700012,8.9552113530000383],[125.48517338900001,8.9552264170000626],[125.48506929400003,8.9553929700000481],[125.48485576200005,8.9556263580000746],[125.48402820600006,8.9556497790000549],[125.4833255640001,8.9557356580000373],[125.48220133700011,8.95593083600005],[125.48203037500002,8.9559331310000516],[125.48103807400003,8.9559464500000558],[125.48031981800011,8.9561884710000754],[125.47931269700007,8.9563602280000509],[125.47835242000008,8.9564773350000451],[125.47789960700004,8.9566647060000264],[125.47769662100006,8.9568911130000401],[125.47749363600008,8.9570784840000215],[125.46716235700001,8.9598540090000256],[125.46544133200007,8.9561561560000769],[125.46383416700007,8.9526042700000517],[125.46490191000009,8.9521994570000629],[125.46674837300009,8.9514940210000304],[125.46812192000004,8.9495491690000222],[125.46858460200008,8.9482073930000752],[125.46918608700003,8.9467268140000442],[125.46937116000004,8.9459402560000285],[125.46964876800007,8.9428865620000693],[125.46842869900001,8.93957970200006],[125.46821445700004,8.9386298960000659],[125.46818543200004,8.9381403690000525],[125.46832733800011,8.9374308390000579],[125.46850978800012,8.9369240310000464],[125.46875305600008,8.9363564070000621],[125.46881387300004,8.9356468770000674],[125.46883414500007,8.9352211590000366],[125.46889496200004,8.9331128400000352],[125.46895577900011,8.9321803140000497],[125.46895474700011,8.9310419260000344],[125.46950996400005,8.930162833000054],[125.47112934800009,8.9259524340000667],[125.47200844100007,8.924240515000065],[125.47219351400008,8.9218345740000586],[125.47219351400008,8.919845045000045],[125.47159202800003,8.9188271460000692],[125.47117561500011,8.9181793930000595],[125.48112325800003,8.9178555160000315],[125.48818618200005,8.9321045170000275],[125.48819346300002,8.9321080110000253],[125.48821009500011,8.9321231160000707],[125.4900635030001,8.9334238970000683],[125.49003338700004,8.9337723830000755],[125.4900635030001,8.9339229640000326],[125.49009362000004,8.9340993590000721],[125.49021408400006,8.9343230790000234],[125.49031734000005,8.9345080770000322],[125.49046361800004,8.9347748210000759],[125.49059268700012,8.934994237000069],[125.4906787330001,8.9351964460000204],[125.49077338300003,8.935458886000049],[125.49093256900005,8.9356869090000259],[125.49103582400005,8.9359020240000291],[125.49112187000003,8.9360698140000636],[125.49122512500003,8.936319347000051],[125.49132999700009,8.9364978250000604],[125.49146605500005,8.9367022520000319],[125.4915822160001,8.9368872520000764],[125.49168117000011,8.937067948000049],[125.49177151800006,8.9372701560000678],[125.49178405500004,8.9372960840000246],[125.49187907500004,8.9375067830000603],[125.49196081900004,8.9376616660000536],[125.49200814400001,8.937816549000047],[125.49202105100005,8.9380144550000296],[125.49203395800009,8.9382467790000533],[125.49202965600011,8.93851782400003],[125.4920246370001,8.9386246760000745],[125.49201244700009,8.9387630560000275],[125.49199954000005,8.9389781710000307],[125.49199523800007,8.9391717740000445],[125.49200814400001,8.9393696810000733],[125.4919694240001,8.9395546800000716],[125.49189972300007,8.9396239890000402],[125.49184035500002,8.9396880510000756],[125.49178428800008,8.9398082690000251],[125.49148756600005,8.9398171200000434],[125.49130686900003,8.9398472360000483],[125.49114338100003,8.9398988640000425],[125.49087663900002,8.9399332820000268],[125.49063571000011,8.9399418870000318],[125.4904119900001,8.939946189000068],[125.49016245700011,8.9399375850000524],[125.48994303900008,8.9399677000000679],[125.48972792400002,8.9399677000000679],[125.48960745900001,8.9401570020000349],[125.48953862200005,8.9403807220000431],[125.48949990200003,8.9405700230000207],[125.48952141400002,8.9407206040000347],[125.48953001700011,8.940884092000033],[125.48956873900011,8.9411121140000205],[125.48962897100012,8.9413229270000443],[125.48965048200012,8.9415294370000424],[125.48971501700009,8.9417574590000299],[125.48976664400004,8.9419510620000437],[125.48982257400007,8.9421575730000313],[125.48990431800007,8.94239850200006],[125.48991722500011,8.9425835020000477],[125.48996455000008,8.9427771050000615],[125.49003338700004,8.9430094300000746],[125.49007641000003,8.9431901260000473],[125.49016245700011,8.9433794280000711],[125.49025710700005,8.9436031480000224],[125.49033454800008,8.9438096580000206],[125.49042059400006,8.943998959000055],[125.49053245500011,8.944282911000073],[125.49061419900011,8.9444894210000712],[125.49070454600007,8.9446701190000226],[125.49080780200006,8.944906746000072],[125.49091966200001,8.9451863950000643],[125.49102722000009,8.9454144170000518],[125.49110466100001,8.9456209280000394],[125.4911691960001,8.9458403450000219],[125.4912939620001,8.9460554600000251],[125.49133698600008,8.9462834830000588],[125.49142303100007,8.9464641790000314],[125.49147896200009,8.9466749920000552],[125.49145314700002,8.9468384790000641],[125.49137140400001,8.9470234790000518],[125.49128966000001,8.9472687100000599],[125.49123803200007,8.9474752210000474],[125.49112617300011,8.9477591730000654],[125.49104873100009,8.9480173110000578],[125.49099280100006,8.9482281240000248],[125.49094117300001,8.9483916110000337],[125.49089384800004,8.9485895170000731],[125.4908422200001,8.9487573070000508],[125.49076477800008,8.9489681200000746],[125.49071315100002,8.9492219560000308],[125.49064431400006,8.9494026530000497],[125.49064431400006,8.9496306750000372],[125.49058838500002,8.9498070700000767],[125.49058408200005,8.9499920680000287],[125.49057117500001,8.950146951000022],[125.49058408200005,8.950280322000026],[125.49054536100004,8.9504266010000606],[125.49048512900004,8.9506072980000226],[125.49044640900001,8.9507621810000728],[125.49042059400006,8.9509170630000767],[125.49040768700002,8.9510289240000702],[125.49039478100008,8.9511881090000429],[125.49043780400007,8.9513300850000519],[125.49045071100011,8.9514462470000353],[125.49048943100001,8.9516097350000337],[125.49054536100004,8.9517517100000532],[125.4905969890001,8.9519195010000772],[125.49066174300003,8.9520967010000732],[125.4906787330001,8.9523540330000628],[125.49070454600007,8.9525046140000768],[125.49077338300003,8.952689613000075]]]},"properties":{"objectid":3394,"gthcode":"8011602020160000","globalid":"{77D8E938-76B5-4133-B22C-F0C4B00704F6}","st_area(shape)":0.00075291147439905811,"reg_name":"Region XIII (Caraga)","prov_name":"Agusan del Norte","city_name":"Butuan City","brgy_name":"Bancasi","reg_code":"160000000","prov_code":"160200000","city_code":"160202000","brgy_code":"160202016","psgc_10d":"1630400016","geographic_level":"Bgy","old_names":"","class":"Highly Urbanized Cities (HUC)","income_class":"","urban_rural2015":"R","bgypop2015":4925,"bgypop2020":5388,"bgyarea_sqkm":9.1580136299999992,"gida":"No","gida_yr":null,"st_perimeter(shape)":0.12220633832612988,"created_user":null,"created_date":null,"last_edited_user":"ADMIN2","last_edited_date":1748789490000}},{"type":"Feature","id":3779,"geometry":{"type":"Polygon","coordinates":[[[125.56406485900004,8.9725975840000274],[125.55756741800008,8.9760551720000308],[125.55688924100002,8.9761908080000694],[125.55621106400008,8.9763264430000618],[125.55442067700005,8.9769232390000298],[125.55341697500012,8.9776285430000371],[125.55273879800006,8.9785508640000558],[125.55235902000004,8.9796359470000766],[125.55233189300009,8.9806667760000209],[125.55233189300009,8.9814534610000578],[125.55235902000004,8.9821316370000659],[125.55192498600002,8.9828098140000634],[125.55140957100002,8.9831895940000663],[125.55092128400008,8.9834337370000412],[125.55040587000008,8.9836507540000525],[125.54967343900012,8.9839762790000464],[125.54874993700003,8.9851587160000577],[125.54827270800001,8.9864555310000469],[125.54802951700003,8.9880184620000705],[125.54804293500001,8.9884075780000217],[125.5482206260001,8.9891757890000576],[125.55381424300003,8.9964051620000305],[125.54673892500011,8.9963717870000437],[125.54671347300007,8.9963720630000239],[125.54366850400004,8.9964051620000305],[125.54365103200007,8.9927698610000562],[125.54361850100008,8.9862286100000688],[125.54379512900005,8.9831813240000429],[125.54352355300011,8.9812588190000611],[125.54269875700004,8.9788796000000275],[125.54163703300003,8.975984745000062],[125.54087038800003,8.975290919000031],[125.53938996900001,8.9739493950000337],[125.53835030100004,8.9730017720000319],[125.53784779600005,8.9728667700000528],[125.53743229100007,8.9728217690000633],[125.53633948600009,8.9722412320000444],[125.53700333000006,8.9718935030000466],[125.53767771100001,8.9713877180000736],[125.53836262900006,8.9708819330000438],[125.53914238200002,8.9701759400000469],[125.53977461300008,8.9695331710000232],[125.54026986200006,8.9691538320000745],[125.54079672100011,8.9688587900000698],[125.5413973420001,8.9683635420000769],[125.54191366500004,8.9676996990000362],[125.54228246700006,8.9671939130000737],[125.54271449200007,8.9663825480000696],[125.54302007100011,8.9658346130000268],[125.5431359800001,8.965413126000044],[125.54325188900009,8.964823043000024],[125.54327296400004,8.964285645000075],[125.54496278100009,8.9652040220000231],[125.54682727400007,8.9660703890000377],[125.54863285600004,8.9669921010000735],[125.55179968000004,8.967024287000072],[125.55226272700008,8.9653878910000344],[125.5533727830001,8.9615634130000217],[125.55367863600009,8.9605036010000276],[125.55370960700009,8.9603253320000249],[125.55371790000004,8.9601926470000421],[125.5537077780001,8.9599668450000536],[125.55773230700004,8.9617663950000406],[125.5587727730001,8.9661300400000528],[125.55894347500009,8.9662901440000269],[125.55910407600004,8.9664345200000639],[125.55919065900002,8.9662982030000649],[125.55929155600006,8.9661872150000477],[125.55947989900005,8.9661535830000503],[125.55967496800008,8.966146856000023],[125.55975904900004,8.966183853000075],[125.55988012700004,8.9662006680000559],[125.56003820000001,8.9661670360000585],[125.56018281900003,8.9661502200000314],[125.56034425600001,8.966146856000023],[125.56051914500006,8.9662107590000346],[125.56073103000006,8.9662612070000591],[125.56088910300002,8.9662746600000673],[125.5610707190001,8.9662073950000263],[125.56120525000006,8.9661535830000503],[125.56131960000005,8.966146856000023],[125.56149112600008,8.9661804890000667],[125.56165592600007,8.966183853000075],[125.56183081500001,8.9660661390000769],[125.56192498600001,8.9660089630000357],[125.56205279100004,8.9659820560000298],[125.56217386700007,8.96597196700003],[125.5622512220001,8.965914792000035],[125.56235548400002,8.9657970780000369],[125.56252364600005,8.9656894530000386],[125.56266154000002,8.9656322780000437],[125.56286333500009,8.9655616490000511],[125.56306513000004,8.9655112010000266],[125.5634115470001,8.9653867600000581],[125.56359652500009,8.9653867600000581],[125.56374114500011,8.9653363120000336],[125.56388576500001,8.9652791360000492],[125.56406065500005,8.9652488670000707],[125.56421536400001,8.9652455040000518],[125.5645214220001,8.9653262210000548],[125.56471985300004,8.965369944000031],[125.56490483200002,8.9653934870000285],[125.56513017100008,8.9654338460000531],[125.5652983330001,8.9654775680000398],[125.56557254600011,8.9687677320000603],[125.56406485900004,8.9725975840000274]]]},"properties":{"objectid":3779,"gthcode":"8011602020170000","globalid":"{388C020C-58F5-4E99-A18B-906B54C38299}","st_area(shape)":0.00042098340247000588,"reg_name":"Region XIII (Caraga)","prov_name":"Agusan del Norte","city_name":"Butuan City","brgy_name":"Banza","reg_code":"160000000","prov_code":"160200000","city_code":"160202000","brgy_code":"160202017","psgc_10d":"1630400017","geographic_level":"Bgy","old_names":"","class":"Highly Urbanized Cities (HUC)","income_class":"","urban_rural2015":"U","bgypop2015":4235,"bgypop2020":4939,"bgyarea_sqkm":5.1201282099999998,"gida":"No","gida_yr":null,"st_perimeter(shape)":0.12320626499987669,"created_user":null,"created_date":null,"last_edited_user":"ADMIN2","last_edited_date":1748789491000}},{"type":"Feature","id":3787,"geometry":{"type":"Polygon","coordinates":[[[125.58939242600002,9.0230615430000398],[125.58512466400009,9.0383822480000617],[125.58430241800011,9.0434608510000771],[125.57932085800007,9.0431503740000494],[125.57895535900002,9.0353695660000426],[125.57120843000007,9.0342588470000464],[125.57111014400004,9.0306713280000395],[125.57122530600009,9.0172483320000651],[125.57114774800004,9.0045663800000284],[125.5711459260001,9.004068797000059],[125.57264101700002,9.0040561110000681],[125.5938165020001,9.0039077020000491],[125.59173581100004,9.0159837460000745],[125.58987593300003,9.0212936460000606],[125.58939242600002,9.0230615430000398]]]},"properties":{"objectid":3787,"gthcode":"8011602020180000","globalid":"{EB8346A8-00E9-446B-9267-87ADB92715EC}","st_area(shape)":0.00064151907377350966,"reg_name":"Region XIII (Caraga)","prov_name":"Agusan del Norte","city_name":"Butuan City","brgy_name":"Baobaoan","reg_code":"160000000","prov_code":"160200000","city_code":"160202000","brgy_code":"160202018","psgc_10d":"1630400018","geographic_level":"Bgy","old_names":"","class":"Highly Urbanized Cities (HUC)","income_class":"","urban_rural2015":"R","bgypop2015":1438,"bgypop2020":1734,"bgyarea_sqkm":7.80142194,"gida":"No","gida_yr":null,"st_perimeter(shape)":0.11423180744293662,"created_user":null,"created_date":null,"last_edited_user":"ADMIN2","last_edited_date":1748789491000}},{"type":"Feature","id":6504,"geometry":{"type":"Polygon","coordinates":[[[125.62104274700005,8.9408233410000548],[125.62092893800002,8.9410216940000282],[125.62088666600005,8.9411062380000317],[125.62077149100003,8.9411853040000437],[125.62039301300001,8.9412144180000723],[125.62024479900003,8.941235592000055],[125.62015216400005,8.9412991120000243],[125.62014422400011,8.9413361650000525],[125.62013628400007,8.9414049800000726],[125.62015481100002,8.9414605610000422],[125.62015745700012,8.94148702800004],[125.62007541000003,8.9415823090000686],[125.61999865500002,8.9416299500000491],[125.61990602000003,8.941664357000036],[125.61986632000003,8.9417067040000688],[125.61983456000007,8.9417490510000448],[125.61981603300001,8.9417675780000536],[125.61964135100004,8.9418707990000712],[125.61944549500004,8.9420375410000474],[125.61928404700006,8.9421698770000262],[125.61914377100004,8.9421963440000241],[125.61899026200001,8.9422095770000283],[125.6188870420001,8.9422889770000324],[125.61883940100006,8.942463660000044],[125.61884204800003,8.9425721750000662],[125.61882616800006,8.9426462820000552],[125.61876861500002,8.9427381600000331],[125.61865677800006,8.9428236110000512],[125.61854561700011,8.9429030120000448],[125.6185323840001,8.9429374190000317],[125.6185191510001,8.942987707000043],[125.61852709100003,8.9430909280000606],[125.61848118600005,8.9432618850000267],[125.61839525100004,8.9434444960000405],[125.61835765400008,8.9435035770000582],[125.61830817400005,8.9435186520000229],[125.61822338100001,8.94352506000007],[125.6181643000001,8.9435841410000307],[125.61809984900003,8.9437560120000512],[125.61797094600001,8.943927881000036],[125.61786352700005,8.9439869620000536],[125.61768628600009,8.9439654780000524],[125.61752985500004,8.9438646830000721],[125.61719215900007,8.9436432210000589],[125.61714382000002,8.9436109960000749],[125.61705251400008,8.9436539630000311],[125.61700954700007,8.9437184150000348],[125.61689675700006,8.9439010270000381],[125.61677859600002,8.9439117690000671],[125.61664432200007,8.9438688010000646],[125.61653153200007,8.9438097210000365],[125.61635966300003,8.9437721240000769],[125.6161287110001,8.9438204630000655],[125.6160588890001,8.9438204630000655],[125.61586016400008,8.9437882370000352],[125.61574737500007,8.9437291560000745],[125.61554865000005,8.9437989790000643],[125.61539289200005,8.9438526880000495],[125.61531232800007,8.9438526880000495],[125.61516194100011,8.9437882370000352],[125.61497932900011,8.9436969310000336],[125.61490950700011,8.9436539630000311],[125.61482357200009,8.9436432210000589],[125.61473226600003,8.9436647050000602],[125.61466781400009,8.9437237850000315],[125.61458187900007,8.9437560120000512],[125.61417368700006,8.9437882370000352],[125.61395885000002,8.9438634300000217],[125.61383531800004,8.9439815910000675],[125.61377623700002,8.9440997520000565],[125.61376549500005,8.9442984760000286],[125.61380846300005,8.9445562820000646],[125.61379772100008,8.9446851850000257],[125.61366881800006,8.9447979750000286],[125.61353991600004,8.9447979750000286],[125.61339490000012,8.9447335240000712],[125.61326062700005,8.9447711200000413],[125.6129867090001,8.9450128120000727],[125.61291688600011,8.945120232000022],[125.61289540200005,8.9452061670000376],[125.61284706400011,8.9452813600000241],[125.61267519300009,8.9453243280000265],[125.61228848500002,8.9454639720000273],[125.61189640600003,8.9455821330000731],[125.61183732600011,8.9456573260000596],[125.61174064800002,8.9457217780000633],[125.61164934300007,8.9457432620000645],[125.61157415000002,8.94572714800006],[125.60991023400004,8.9454401530000496],[125.60838049000006,8.9451325410000209],[125.60656807600003,8.9448249300000384],[125.60638932900008,8.9447459490000369],[125.60556626000005,8.9446378690000756],[125.60569649600006,8.9440444400000274],[125.60561587200004,8.9439452780000579],[125.59945781300007,8.934315396000045],[125.59341199100004,8.9243004270000483],[125.59854527500011,8.9214515500000289],[125.60183161500004,8.9193085710000446],[125.60781626700009,8.915423130000022],[125.6080468560001,8.9155227020000325],[125.61875353300002,8.9203912790000572],[125.63198016100012,8.9270942690000652],[125.62709018100009,8.93407849700003],[125.62104274700005,8.9408233410000548]]]},"properties":{"objectid":6504,"gthcode":"8011602020190000","globalid":"{87F5D8C8-94BD-4918-BFD6-5381A04B13C2}","st_area(shape)":0.00067790041035698228,"reg_name":"Region XIII (Caraga)","prov_name":"Agusan del Norte","city_name":"Butuan City","brgy_name":"Basag","reg_code":"160000000","prov_code":"160200000","city_code":"160202000","brgy_code":"160202019","psgc_10d":"1630400019","geographic_level":"Bgy","old_names":"","class":"Highly Urbanized Cities (HUC)","income_class":"","urban_rural2015":"R","bgypop2015":3786,"bgypop2020":3993,"bgyarea_sqkm":8.2458344299999986,"gida":"No","gida_yr":null,"st_perimeter(shape)":0.10417295164328852,"created_user":null,"created_date":null,"last_edited_user":"ADMIN2","last_edited_date":1748789491000}},{"type":"Feature","id":6908,"geometry":{"type":"Polygon","coordinates":[[[125.52741250600002,8.9494242020000456],[125.52682075700011,8.9510934480000515],[125.5266007570001,8.9509434470000429],[125.52625075700007,8.9503034480000565],[125.52615075600011,8.95019344800005],[125.52533588600011,8.950017148000029],[125.52501090400006,8.9499621720000277],[125.52382739200004,8.9498770950000335],[125.52363833200002,8.9499092350000637],[125.52316427500011,8.9499771970000666],[125.52266601000008,8.9500575620000404],[125.52231240300011,8.9500897080000641],[125.5207559270001,8.9499102660000744],[125.51876999400008,8.9496294300000727],[125.51865409300001,8.9496130400000311],[125.51868075600009,8.9494834480000236],[125.51894515800007,8.9477014090000466],[125.5192220460001,8.9457975200000419],[125.51939075700011,8.944663447000039],[125.51950456600002,8.9438531470000271],[125.5196207570001,8.9430534480000574],[125.51986075700006,8.9393634480000514],[125.51997168200012,8.9360124930000211],[125.52274014500006,8.9362401080000495],[125.52359057500007,8.9362309640000603],[125.52404395300005,8.9363323080000328],[125.52458731700006,8.9363589860000729],[125.52551606700001,8.9365248390000716],[125.52704063100009,8.9368269710000732],[125.52854228100011,8.9370929520000573],[125.52769075600008,8.9404734480000343],[125.5268309170001,8.9440805320000436],[125.52843075700002,8.9443134480000595],[125.52875075700001,8.9443834480000532],[125.52790306000009,8.9478117870000347],[125.52741250600002,8.9494242020000456]]]},"properties":{"objectid":6908,"gthcode":"8011602020200000","globalid":"{8615D163-B341-4933-997A-D98A308BB1FB}","st_area(shape)":0.00011422789233439176,"reg_name":"Region XIII (Caraga)","prov_name":"Agusan del Norte","city_name":"Butuan City","brgy_name":"Bayanihan Pob. (Bgy. 27)","reg_code":"160000000","prov_code":"160200000","city_code":"160202000","brgy_code":"160202020","psgc_10d":"1630400020","geographic_level":"Bgy","old_names":"Bgy. 27","class":"Highly Urbanized Cities (HUC)","income_class":"","urban_rural2015":"U","bgypop2015":4599,"bgypop2020":5626,"bgyarea_sqkm":1.3893949800000001,"gida":"No","gida_yr":null,"st_perimeter(shape)":0.047181577484750166,"created_user":null,"created_date":null,"last_edited_user":"ADMIN2","last_edited_date":1748789491000}},{"type":"Feature","id":7477,"geometry":{"type":"Polygon","coordinates":[[[125.60159383100006,8.850395322000054],[125.60088592200009,8.850793521000071],[125.60024437900006,8.8510368640000365],[125.59964708100006,8.8517005280000376],[125.59929312700001,8.8521429720000242],[125.5988064390001,8.8528508810000517],[125.59834187300009,8.8534924240000237],[125.59781094100003,8.8540233560000274],[125.59754547600005,8.8544657990000246],[125.59719152200012,8.8548861200000601],[125.59669465400009,8.8554579270000318],[125.59609938000006,8.8558795790000318],[125.59212236700012,8.8574470500000757],[125.58958497700007,8.8579131010000651],[125.58502803400006,8.8579648850000581],[125.57840646400007,8.8574938230000271],[125.57485779900003,8.858966922000036],[125.57227895800008,8.8605073040000661],[125.5694006330001,8.8629676870000367],[125.56817835900006,8.8611794790000431],[125.56673613400005,8.8597866460000319],[125.56346867800005,8.8568736960000365],[125.56455580500005,8.856048395000073],[125.56732907500009,8.8548241590000316],[125.56970259400009,8.8533250940000698],[125.57147648700004,8.8517260930000248],[125.57347524000011,8.8499272150000365],[125.57422477200009,8.8487279630000444],[125.57449960000008,8.8478784930000529],[125.57437467900002,8.8467042260000426],[125.57431356900008,8.8456593250000424],[125.57355019300007,8.8434062840000252],[125.5735002240001,8.8405330760000425],[125.57377055800009,8.8393798200000333],[125.57422477200009,8.8384843550000483],[125.57580889400003,8.8358653820000654],[125.57686364000006,8.8341549830000758],[125.57769033200009,8.8332997840000758],[125.57917267700009,8.8312758120000581],[125.58059801000002,8.8288242420000529],[125.58434841000008,8.8307544230000303],[125.58745781500011,8.8318408360000262],[125.59103210300009,8.8328263690000313],[125.59447420600009,8.8332942270000672],[125.59698137200007,8.8336560390000614],[125.59682122900006,8.8337951100000396],[125.59656415900008,8.8341111800000363],[125.59624809000002,8.834482036000054],[125.59606687600001,8.8346927490000553],[125.59580492700002,8.834894696000049],[125.59556210900007,8.8349958710000465],[125.59496855600003,8.835177983000051],[125.59476620700002,8.8352791570000591],[125.59461107400011,8.8354275460000622],[125.59408496900005,8.8362841520000757],[125.59326124100005,8.8375643600000444],[125.5924952900001,8.8388466180000478],[125.59247398000002,8.8389425100000381],[125.59248463500012,8.8390437280000356],[125.59252725300007,8.8391183110000497],[125.59261781700002,8.8391822380000349],[125.59280960000001,8.8392248560000439],[125.59361934900005,8.8394059840000523],[125.59374618700008,8.839457315000061],[125.59399666600007,8.8396466300000611],[125.59415103100002,8.8397806060000335],[125.59420054400005,8.8398446830000239],[125.59423258200002,8.8399087590000249],[125.59428500700005,8.8400543860000766],[125.59429898900009,8.8401831850000576],[125.5943110390001,8.84038401600003],[125.59429497200006,8.8405607470000405],[125.59427087300003,8.8407254280000416],[125.59424677200002,8.8408820750000245],[125.59423874000004,8.8411110220000637],[125.59425480600009,8.8412998030000267],[125.59428292300004,8.8414845670000659],[125.59435923800004,8.8420147600000405],[125.59440743700009,8.842368221000072],[125.59446768600003,8.8429305480000266],[125.59450383600006,8.8431675270000483],[125.59459621800011,8.8445090750000759],[125.59460826800012,8.8446978560000389],[125.59464843400008,8.8448022880000394],[125.59469261700008,8.84490672000004],[125.59477294900012,8.8449950850000505],[125.59489344700012,8.8450714010000411],[125.59513042700007,8.8452200160000416],[125.59528305900005,8.8453766630000246],[125.59715172200004,8.8468599360000439],[125.60159383100006,8.850395322000054]]]},"properties":{"objectid":7477,"gthcode":"8011602020210000","globalid":"{39590576-4479-4455-8858-5EA6F266BD57}","st_area(shape)":0.00063565012129230994,"reg_name":"Region XIII (Caraga)","prov_name":"Agusan del Norte","city_name":"Butuan City","brgy_name":"Bilay","reg_code":"160000000","prov_code":"160200000","city_code":"160202000","brgy_code":"160202021","psgc_10d":"1630400021","geographic_level":"Bgy","old_names":"","class":"Highly Urbanized Cities (HUC)","income_class":"","urban_rural2015":"R","bgypop2015":1349,"bgypop2020":1354,"bgyarea_sqkm":7.7336301800000005,"gida":"No","gida_yr":null,"st_perimeter(shape)":0.1213966836026083,"created_user":null,"created_date":null,"last_edited_user":"ADMIN2","last_edited_date":1748789491000}},{"type":"Feature","id":7731,"geometry":{"type":"Polygon","coordinates":[[[125.55613138300009,8.8981090470000481],[125.55331954400003,8.8982732100000703],[125.55241710900009,8.898305505000053],[125.55115867400002,8.8983467090000659],[125.54942228100003,8.8983756300000323],[125.54700723000008,8.8983612860000676],[125.5431954710001,8.898378560000026],[125.54031074200009,8.898378560000026],[125.53952598100011,8.8983719400000609],[125.53823930300007,8.8983613930000729],[125.53697371900012,8.8983086610000441],[125.53378337600009,8.8961828450000553],[125.53166297700011,8.8946889320000651],[125.53063909400009,8.8941301450000765],[125.53049488800002,8.8940549070000543],[125.5301813960001,8.8941865740000594],[125.52936004900005,8.8946881600000438],[125.52904028800003,8.8948637150000422],[125.52881457400008,8.8948386350000419],[125.52856378000001,8.8947195090000264],[125.52806846400006,8.894581573000039],[125.52749381700005,8.8945912100000442],[125.52714794700012,8.8945365980000588],[125.51405395000006,8.8950006170000506],[125.50233379700012,8.8966819820000751],[125.49673365500007,8.8971160890000647],[125.49885604300005,8.884350601000051],[125.50314659500009,8.8586323360000279],[125.52801213300006,8.8633257610000555],[125.54165685500004,8.8763604870000563],[125.54378761700002,8.8779845770000634],[125.5426731980001,8.8788887280000495],[125.54191623500003,8.8796456920000537],[125.54147467300004,8.880465736000076],[125.54094900400003,8.8817693960000383],[125.54054949400006,8.8827366280000319],[125.54040230800001,8.8840192610000486],[125.54128543200011,8.8848603320000734],[125.54171063100011,8.885137266000072],[125.5420037340001,8.8853174330000684],[125.54221060900011,8.885449081000047],[125.54324092100001,8.8859326970000438],[125.54401891200007,8.8866476080000325],[125.54538565200005,8.8872153310000499],[125.54658417900009,8.8876989460000573],[125.54771962400002,8.8881615350000516],[125.54881301600005,8.8886241240000459],[125.55024283700004,8.889570329000037],[125.55121006800005,8.8901590790000569],[125.55215627300004,8.891084256000056],[125.55297631700012,8.8921145680000677],[125.5543851110001,8.8941541650000318],[125.5549107810001,8.8948690760000204],[125.55516310200005,8.8957522000000608],[125.55564671800005,8.896803539000075],[125.55613138300009,8.8981090470000481]]]},"properties":{"objectid":7731,"gthcode":"8011602020220000","globalid":"{6658A466-5EEB-4E20-8E3A-CC48CB8D4F75}","st_area(shape)":0.00146475257851095,"reg_name":"Region XIII (Caraga)","prov_name":"Agusan del Norte","city_name":"Butuan City","brgy_name":"Bit-os","reg_code":"160000000","prov_code":"160200000","city_code":"160202000","brgy_code":"160202022","psgc_10d":"1630400022","geographic_level":"Bgy","old_names":"","class":"Highly Urbanized Cities (HUC)","income_class":"","urban_rural2015":"R","bgypop2015":3166,"bgypop2020":2955,"bgyarea_sqkm":17.819268619999999,"gida":"No","gida_yr":null,"st_perimeter(shape)":0.17615876747303771,"created_user":null,"created_date":null,"last_edited_user":"ADMIN2","last_edited_date":1748789491000}},{"type":"Feature","id":7746,"geometry":{"type":"Polygon","coordinates":[[[125.54825150200008,8.8480509290000668],[125.55012512000008,8.8497572580000678],[125.55006649600011,8.8528490020000277],[125.54926288900003,8.855478989000062],[125.54723466400003,8.8582311430000686],[125.54242074000001,8.8605330120000758],[125.52801213300006,8.8633257610000555],[125.50314659500009,8.8586323360000279],[125.50728096000012,8.8514233580000337],[125.51419151100004,8.8397845370000709],[125.52164763100006,8.8316919180000468],[125.52350988900002,8.832158262000064],[125.54162905300007,8.8419547480000347],[125.54527022400009,8.8453358360000607],[125.54825150200008,8.8480509290000668]]]},"properties":{"objectid":7746,"gthcode":"8011602020230000","globalid":"{11C91CF7-33D3-4031-857F-87B8B259B6E8}","st_area(shape)":0.00092654159094995349,"reg_name":"Region XIII (Caraga)","prov_name":"Agusan del Norte","city_name":"Butuan City","brgy_name":"Bitan-agan","reg_code":"160000000","prov_code":"160200000","city_code":"160202000","brgy_code":"160202023","psgc_10d":"1630400023","geographic_level":"Bgy","old_names":"","class":"Highly Urbanized Cities (HUC)","income_class":"","urban_rural2015":"R","bgypop2015":1243,"bgypop2020":1300,"bgyarea_sqkm":11.27266221,"gida":"Yes","gida_yr":"2023","st_perimeter(shape)":0.12148153361782679,"created_user":null,"created_date":null,"last_edited_user":"ADMIN2","last_edited_date":1748789465000}},{"type":"Feature","id":7836,"geometry":{"type":"Polygon","coordinates":[[[125.56805846900011,8.9799637830000734],[125.5685807750001,8.9826859270000341],[125.56936953600007,8.9849308650000239],[125.56964257000004,8.9859319860000255],[125.56975948700006,8.9873643150000362],[125.57105007200005,8.9916602390000548],[125.57107043000008,8.9964176150000412],[125.56663906000006,8.9964054030000398],[125.56175780500007,8.9963858780000692],[125.55381424300003,8.9964051620000305],[125.5482206260001,8.9891757890000576],[125.54804293500001,8.9884075780000217],[125.54802951700003,8.9880184620000705],[125.54827270800001,8.9864555310000469],[125.54874993700003,8.9851587160000577],[125.54967343900012,8.9839762790000464],[125.55040587000008,8.9836507540000525],[125.55092128400008,8.9834337370000412],[125.55140957100002,8.9831895940000663],[125.55192498600002,8.9828098140000634],[125.55235902000004,8.9821316370000659],[125.55233189300009,8.9814534610000578],[125.55233189300009,8.9806667760000209],[125.55235902000004,8.9796359470000766],[125.55273879800006,8.9785508640000558],[125.55341697500012,8.9776285430000371],[125.55442067700005,8.9769232390000298],[125.55621106400008,8.9763264430000618],[125.55688924100002,8.9761908080000694],[125.55756741800008,8.9760551720000308],[125.56406485900004,8.9725975840000274],[125.56465668900012,8.9741365240000732],[125.56497144900004,8.9747334800000544],[125.56570407600009,8.9752924480000615],[125.56645298500007,8.9760630640000727],[125.56710421000002,8.9766328860000613],[125.56805846900011,8.9799637830000734]]]},"properties":{"objectid":7836,"gthcode":"8011602020240000","globalid":"{7C5B4B5E-2864-4E71-AEF9-1BA0C7B5467F}","st_area(shape)":0.00038915286805564405,"reg_name":"Region XIII (Caraga)","prov_name":"Agusan del Norte","city_name":"Butuan City","brgy_name":"Bobon","reg_code":"160000000","prov_code":"160200000","city_code":"160202000","brgy_code":"160202024","psgc_10d":"1630400024","geographic_level":"Bgy","old_names":"","class":"Highly Urbanized Cities (HUC)","income_class":"","urban_rural2015":"R","bgypop2015":1689,"bgypop2020":1996,"bgyarea_sqkm":4.7328594800000001,"gida":"No","gida_yr":null,"st_perimeter(shape)":0.077558190200833432,"created_user":null,"created_date":null,"last_edited_user":"ADMIN2","last_edited_date":1748789491000}},{"type":"Feature","id":8054,"geometry":{"type":"Polygon","coordinates":[[[125.51986075700006,8.9393634480000514],[125.51856496300002,8.9386805340000706],[125.51803704700001,8.9384932090000575],[125.51772883900003,8.9384412450000355],[125.51693012400006,8.9383229120000465],[125.51606161600012,8.9382207350000726],[125.51521013700005,8.9381696460000626],[125.51412024400008,8.938305883000055],[125.51355075700008,8.9383734480000498],[125.51304081400008,8.93848100200006],[125.51224699000011,8.9387145930000429],[125.50977770200006,8.9397023090000403],[125.50670697200007,8.9409585670000524],[125.50664186100005,8.9406790900000601],[125.50657261100002,8.940525525000055],[125.50648643200009,8.9403336900000454],[125.49971095800004,8.9349992050000537],[125.49972550200005,8.9348028590000581],[125.49972550200005,8.9346646900000337],[125.49969641300004,8.9345410640000296],[125.49961642000005,8.9342356370000289],[125.49939825800004,8.9335956930000293],[125.49941280200005,8.9334938850000754],[125.49948552300009,8.9332611780000661],[125.49950006800009,8.9331011920000378],[125.49950006800009,8.9329775670000231],[125.49947097900008,8.9328830300000277],[125.49938371500002,8.9328103090000468],[125.49882376400001,8.9322503590000224],[125.49872195600005,8.9321921830000406],[125.49862014600001,8.932155822000027],[125.49836562400003,8.932155822000027],[125.4982783590001,8.9321267340000645],[125.49819109400005,8.9320685570000364],[125.49814746200002,8.9319740210000305],[125.49799474800011,8.9317049530000645],[125.49787112200011,8.9315376960000208],[125.49770386500006,8.9313486210000406],[125.49729662800007,8.9310141060000205],[125.49703483300004,8.9307159510000247],[125.49682394300009,8.9304977890000714],[125.49623490500005,8.929937839000047],[125.4961040070001,8.9298578460000613],[125.49603855900011,8.9297923970000284],[125.49601487900009,8.9296177970000485],[125.49602805600011,8.9294860340000355],[125.49606658100004,8.9293034330000296],[125.49607957000001,8.9289471520000347],[125.49605730300004,8.9288265350000415],[125.49600836800005,8.9287356740000519],[125.49581257200009,8.9285181230000603],[125.49568528100008,8.928439122000043],[125.48733662800009,8.9172276630000624],[125.49673365500007,8.8971160890000647],[125.50233379700012,8.8966819820000751],[125.51405395000006,8.8950006170000506],[125.51438675800011,8.898116266000045],[125.5158955930001,8.9130873410000504],[125.51511000900007,8.9138152400000763],[125.51496349200011,8.9140245500000219],[125.5144681270001,8.9151757500000599],[125.51448905800009,8.9154059900000675],[125.51508210000009,8.9168920870000647],[125.51527745600004,8.9169688330000554],[125.51582166100002,8.9170944190000228],[125.51601701600009,8.9171711650000702],[125.51608678500008,8.9172897740000394],[125.51617050900006,8.9185735380000324],[125.51614260100007,8.9187270310000599],[125.51587049900002,8.9193968200000313],[125.51588445300001,8.9195293830000537],[125.51603097000009,8.9197177610000722],[125.51640772600001,8.9200805640000453],[125.51658215100008,8.9204363900000772],[125.51660969400007,8.9205216820000715],[125.51672214100006,8.920575197000062],[125.51701075700009,8.9207334470000319],[125.51677075600003,8.9225534480000306],[125.51664075700012,8.9229434480000691],[125.51634075600009,8.9233134480000444],[125.5178765930001,8.9230584520000207],[125.52487491300008,8.9222439930000519],[125.52474016300005,8.9295374210000205],[125.52472567500001,8.9300621380000393],[125.52458731700006,8.9363589860000729],[125.52404395300005,8.9363323080000328],[125.52359057500007,8.9362309640000603],[125.52274014500006,8.9362401080000495],[125.51997168200012,8.9360124930000211],[125.51986075700006,8.9393634480000514]]]},"properties":{"objectid":8054,"gthcode":"8011602020250000","globalid":"{FE98EACF-F421-4973-8C7C-321FCC4D1D94}","st_area(shape)":0.0010605511134551243,"reg_name":"Region XIII (Caraga)","prov_name":"Agusan del Norte","city_name":"Butuan City","brgy_name":"Bonbon","reg_code":"160000000","prov_code":"160200000","city_code":"160202000","brgy_code":"160202025","psgc_10d":"1630400025","geographic_level":"Bgy","old_names":"","class":"Highly Urbanized Cities (HUC)","income_class":"","urban_rural2015":"U","bgypop2015":5446,"bgypop2020":6289,"bgyarea_sqkm":12.90072297,"gida":"No","gida_yr":null,"st_perimeter(shape)":0.14637979971919574,"created_user":null,"created_date":null,"last_edited_user":"ADMIN2","last_edited_date":1748789491000}},{"type":"Feature","id":8683,"geometry":{"type":"Polygon","coordinates":[[[125.57893782700012,8.8190578880000317],[125.57350331400005,8.8195554350000407],[125.57315567900002,8.8250403390000542],[125.56235256500008,8.8239869200000385],[125.56134659800011,8.8236752110000225],[125.56072318300005,8.8238168960000394],[125.55964637300008,8.8236752110000225],[125.5587112500001,8.8238168960000394],[125.55796031700004,8.8239727510000421],[125.55712067400009,8.8241559350000216],[125.5570404770001,8.8241680860000429],[125.55694326800005,8.8241705170000273],[125.55627426100011,8.8241711110000551],[125.55550915900005,8.8242277840000725],[125.55474402100003,8.824350197000058],[125.55298449300005,8.8146591660000695],[125.55209028500008,8.8073799800000643],[125.55253423300007,8.8072949690000542],[125.55298762600012,8.8071816200000512],[125.55338434500004,8.8070777180000732],[125.55379051000011,8.8068888040000388],[125.5540927720001,8.8068888040000388],[125.5544233710001,8.8069549240000242],[125.55478230800009,8.8070871640000519],[125.55511290800007,8.8070493800000236],[125.5553396040001,8.807172175000062],[125.55558519200008,8.8074083170000677],[125.55566075800004,8.8075972310000452],[125.55585911700007,8.8078617100000542],[125.55610470500005,8.8080506240000318],[125.55636918500011,8.8082112010000628],[125.55652976200008,8.8083812230000262],[125.55666200200005,8.8085512460000359],[125.55691703500008,8.8087023780000209],[125.55737987400005,8.8088535090000732],[125.55770102800011,8.8087684970000737],[125.5580032900001,8.8085701380000501],[125.55825832300002,8.8082867670000269],[125.55849446600007,8.8078617100000542],[125.55861726000012,8.8075311110000598],[125.55865504300004,8.807313860000022],[125.55859836900004,8.8069643690000703],[125.55856058600011,8.8067471180000325],[125.55852280300007,8.8064354110000522],[125.55857947800007,8.8061898230000679],[125.55872116300009,8.8059347890000481],[125.55901397900004,8.8057647660000384],[125.55947681800001,8.8055380700000683],[125.55989242800001,8.8055380700000683],[125.56015690800007,8.8057269830000564],[125.56044027900009,8.8061142560000576],[125.56061030100011,8.8064259650000736],[125.56095979200006,8.80679434700005],[125.56110147800007,8.8068699130000709],[125.56145096900002,8.8070588260000591],[125.56175323100001,8.8071532840000373],[125.56208383000001,8.8072949690000542],[125.5623294180001,8.8071910660000299],[125.56258445200001,8.8070399350000343],[125.56288671400011,8.8068604670000354],[125.56309451900006,8.8066337700000759],[125.56341567300001,8.8064731930000448],[125.56374627200012,8.8063031710000246],[125.56409576300007,8.806076474000065],[125.56439802600005,8.8058970060000661],[125.56467195000005,8.8057269830000564],[125.56503088700003,8.8055286240000328],[125.56542760500008,8.8053397100000552],[125.56590933600012,8.8051602420000563],[125.56627771800004,8.8050280020000287],[125.56657998000003,8.8048768710000331],[125.56674216200008,8.8048391170000286],[125.56684921900012,8.8049022530000229],[125.56696725600011,8.8049544090000609],[125.56712372400011,8.8049544090000609],[125.56731674500008,8.8048579790000758],[125.56753399600007,8.8047068480000235],[125.56775124700005,8.8043668030000504],[125.56799683400004,8.804073987000038],[125.56825186900005,8.803856736000057],[125.56849745600005,8.8037906160000716],[125.56874304400003,8.803856736000057],[125.5690925350001,8.8036394850000761],[125.56928144900007,8.8033844510000563],[125.56927200400003,8.803138863000072],[125.56914921000009,8.8029499490000376],[125.56899807800005,8.8028460460000701],[125.56894140400004,8.8026287950000324],[125.56917754600011,8.8024398820000442],[125.5695931570001,8.8023643160000233],[125.57001198700004,8.8025369830000386],[125.57050938900011,8.8027421440000353],[125.57080220600005,8.8029027210000663],[125.57110446800004,8.8030538520000619],[125.57132171900003,8.8032616570000641],[125.57165231900001,8.8034127880000597],[125.57193569000003,8.8035450280000305],[125.57215294100001,8.8036867140000368],[125.57235130000004,8.8038283980000642],[125.57271968200007,8.8038945180000496],[125.57316362900008,8.8038378450000323],[125.57360757700008,8.8037433870000541],[125.57394762200011,8.803658376000044],[125.57428766800001,8.8034977990000698],[125.57459937500005,8.8032238740000253],[125.57469383200009,8.8029593950000731],[125.57470327800002,8.8026476860000571],[125.57488274600007,8.802458773000069],[125.57527946500011,8.8023548710000341],[125.57552505300009,8.8025248930000544],[125.5757517510001,8.8028366010000241],[125.57590288200004,8.8030821880000758],[125.57585565300008,8.8033372230000282],[125.5756667390001,8.8035733650000338],[125.5756384020001,8.8037906160000716],[125.5756950760001,8.8040362040000559],[125.57561951100001,8.8041401070000234],[125.57545893400004,8.8043951400000537],[125.57543059600005,8.8046501740000735],[125.57561951100001,8.8048579790000758],[125.57594066400009,8.804716294000059],[125.57610124100006,8.8043101290000436],[125.57627126400007,8.8041306610000447],[125.57656408000003,8.8040834330000735],[125.57699858100011,8.8039889760000278],[125.57724417000009,8.8038945180000496],[125.57748031200003,8.8037150500000507],[125.57759366000005,8.8032994400000462],[125.57743308300007,8.8030066230000443],[125.57723472500004,8.8027421440000353],[125.57710248500007,8.8025248930000544],[125.57716860500011,8.8022604130000559],[125.57752754100011,8.8020620540000323],[125.57808483700012,8.8021281730000283],[125.57869880600003,8.8023076420000734],[125.57890661200008,8.8024020990000622],[125.57926554800008,8.8024304360000656],[125.57943557100009,8.8024965550000616],[125.57953947400006,8.8026949150000746],[125.5795489190001,8.8028271550000454],[125.5796055940001,8.8029877320000764],[125.57959614800006,8.8032144280000466],[125.57945446300005,8.803441125000063],[125.57947335400002,8.8037150500000507],[125.5794922450001,8.8039889760000278],[125.57978506200004,8.8041117690000306],[125.58003065000003,8.8040456490000452],[125.58059739100008,8.8039984210000739],[125.58095632800007,8.8039417470000672],[125.58145695000007,8.8037811700000361],[125.5821275940001,8.8037244960000294],[125.58243930200001,8.8037433870000541],[125.58267544400007,8.8037339420000649],[125.58289269500006,8.8037339420000649],[125.58314772900007,8.8036111480000727],[125.58346888200003,8.8034127880000597],[125.58391518200006,8.8028088190000631],[125.58401673300011,8.8027138060000425],[125.58418045700012,8.8026915600000279],[125.58426696000004,8.8027088600000525],[125.58441345200004,8.80276103500006],[125.58470626900009,8.8029027210000663],[125.58519744500006,8.8031955370000219],[125.58552804400006,8.8033561140000529],[125.58600977500009,8.8035072450000484],[125.58633092800005,8.8036489300000653],[125.58697139000003,8.8036000090000357],[125.58646132300009,8.8045493010000655],[125.58624879500007,8.8050310320000449],[125.58585207600004,8.8056544470000517],[125.58548369400012,8.8063487060000512],[125.58515781700009,8.8069154480000407],[125.58481777200006,8.8076238750000471],[125.58452023300003,8.8083039640000607],[125.5840101660001,8.8094374480000397],[125.58314588400003,8.8108117970000421],[125.58284834500012,8.8115343920000555],[125.58226743500006,8.8122853250000617],[125.58168652400002,8.8134613140000511],[125.5813889850001,8.8141130670000507],[125.58100643400007,8.8148923370000603],[125.5806838100001,8.8154020830000377],[125.58029800700001,8.8160116520000429],[125.57992962500009,8.8167625850000491],[125.57957541200005,8.8177685510000288],[125.57924953500003,8.8182361130000686],[125.57902283800001,8.8185194840000349],[125.57893782700012,8.8190578880000317]]]},"properties":{"objectid":8683,"gthcode":"8011602020260000","globalid":"{1B8F04B3-584A-4210-9989-508B74AD2697}","st_area(shape)":0.00052489135296383154,"reg_name":"Region XIII (Caraga)","prov_name":"Agusan del Norte","city_name":"Butuan City","brgy_name":"Bugabus","reg_code":"160000000","prov_code":"160200000","city_code":"160202000","brgy_code":"160202026","psgc_10d":"1630400026","geographic_level":"Bgy","old_names":"","class":"Highly Urbanized Cities (HUC)","income_class":"","urban_rural2015":"R","bgypop2015":1417,"bgypop2020":1482,"bgyarea_sqkm":6.3866457499999996,"gida":"Yes","gida_yr":"2023","st_perimeter(shape)":0.11414843585542836,"created_user":null,"created_date":null,"last_edited_user":"ADMIN2","last_edited_date":1748789466000}},{"type":"Feature","id":8745,"geometry":{"type":"Polygon","coordinates":[[[125.67495844000007,8.9420214240000746],[125.65354652200006,8.9690955580000491],[125.64685483000005,8.9714618710000309],[125.6351562960001,8.9629068600000323],[125.63614621900001,8.9604587510000329],[125.64367590900008,8.9471751050000421],[125.64739341300003,8.9456368270000439],[125.64886759500007,8.9396760020000556],[125.65043836100006,8.9310494910000671],[125.65985421500011,8.9240945170000714],[125.65999131800004,8.9241441980000218],[125.66013359100009,8.9241644970000493],[125.66034199100011,8.9240958950000504],[125.66056265800012,8.9239824230000409],[125.66081292600006,8.9238346930000603],[125.66099783300001,8.9236674860000562],[125.66106799800002,8.9234659790000705],[125.66109812400009,8.9232448380000733],[125.66113321500006,8.923053325000069],[125.66122316600001,8.9228869080000663],[125.66132364900011,8.9228261580000208],[125.66142840500004,8.9228194520000557],[125.66153241200004,8.9228706110000644],[125.6616752000001,8.922979855000051],[125.66184721900004,8.9231982610000387],[125.66202434800005,8.9234799630000339],[125.66218170100001,8.9238252420000208],[125.6622454620001,8.924107268000057],[125.66226910300009,8.9243496460000529],[125.66222193300007,8.9245063420000292],[125.66214174100003,8.9245998790000272],[125.66200145400012,8.9246504450000543],[125.66181689000007,8.9247194280000599],[125.66164957800004,8.9247984360000601],[125.66147585100009,8.9248693660000527],[125.66133635300002,8.9249593750000713],[125.66124226700003,8.9250807140000461],[125.66110947200002,8.9252241700000354],[125.66096820500002,8.9253425330000482],[125.66089353000007,8.9254303570000388],[125.66088741600004,8.925527579000061],[125.66085149900005,8.925658454000029],[125.66076720000001,8.9257456700000262],[125.66064898900004,8.9257991850000735],[125.66051633500001,8.9258045600000742],[125.6603095160001,8.9257957120000242],[125.66015142100002,8.9258393920000572],[125.65995421500008,8.925930461000064],[125.65984133200004,8.9260408730000336],[125.65964110100003,8.9261834930000532],[125.65935696400004,8.9263451220000434],[125.65905945000009,8.9264940340000294],[125.65886162300001,8.926713588000041],[125.65869320600007,8.9269508390000283],[125.65852609500007,8.9272648830000207],[125.65848272900007,8.9274096860000327],[125.65847100100007,8.9275220490000606],[125.65849642000001,8.9276617110000416],[125.6586245200001,8.9278193360000273],[125.6588099490001,8.9280121380000423],[125.65909811100005,8.9282333790000621],[125.65947787900006,8.9284344140000371],[125.65981402800003,8.9285846420000325],[125.66017920700006,8.928745814000024],[125.66051432200004,8.9288391840000259],[125.66125806700006,8.9290258030000587],[125.66194931200005,8.9293228420000332],[125.6622463440001,8.9295111260000226],[125.66247044900001,8.9296342170000571],[125.66259390300002,8.9298067680000486],[125.66260968900008,8.9300147670000456],[125.66254388400012,8.9302304500000673],[125.66243984200003,8.9304749270000343],[125.66241097400007,8.9307191040000475],[125.66239705300006,8.9309634680000727],[125.66239766300009,8.9311864680000213],[125.66233998300004,8.9314599420000604],[125.6621800800001,8.9318053730000315],[125.66204105100007,8.9321284920000608],[125.66191024600005,8.9322942110000554],[125.66171397200003,8.9324601900000289],[125.66156083700002,8.9325894100000482],[125.66149299200003,8.9328288840000596],[125.66150829700007,8.9330548850000469],[125.66167548300007,8.9334619480000583],[125.66204646400001,8.9336634150000691],[125.66245939000009,8.9339870600000495],[125.66254506000007,8.9344763600000761],[125.66283511800009,8.9348417120000363],[125.66316415600011,8.9349210010000206],[125.66353395100009,8.9349591700000701],[125.66386209900008,8.9349159850000319],[125.66410813500011,8.9348733920000427],[125.66439641400007,8.934993797000061],[125.66456301000005,8.9353192100000456],[125.66452403300002,8.9356052730000215],[125.66419736900002,8.9358525780000377],[125.66366512900004,8.9360605350000242],[125.66325783600007,8.9365125500000318],[125.66309598700002,8.9368403220000232],[125.66305730500005,8.9371672110000304],[125.66305997500001,8.9375346270000477],[125.66314386800002,8.9377789820000544],[125.66339109300009,8.9378996830000688],[125.66380194800001,8.9379375560000653],[125.66417026300007,8.9377716040000337],[125.66457874300011,8.9374828830000297],[125.66515174300002,8.9372338060000516],[125.66552154100009,8.9372719730000654],[125.66585176900003,8.9375145540000744],[125.66581279200011,8.9378006180000398],[125.66565124200008,8.9381692150000731],[125.66565451000008,8.9386182780000354],[125.66594457400004,8.9389836260000379],[125.66619239500005,8.9391859740000541],[125.66680912600009,8.9393040130000259],[125.66779476400006,8.9393377440000563],[125.66878010400001,8.939330648000066],[125.66939534700009,8.9392445640000346],[125.66996923500005,8.9391179510000711],[125.67033754700003,8.9389519930000461],[125.67095100200004,8.9386209630000621],[125.67119614500007,8.9384558910000464],[125.6715236980001,8.9383310520000236],[125.67181198100002,8.9384514510000486],[125.67210115700004,8.9386943220000603],[125.6724337710001,8.9392634860000726],[125.67252035000001,8.9398752500000569],[125.67244211000002,8.94040655200007],[125.67248525200011,8.9406920220000643],[125.67273337400002,8.9409351870000364],[125.67302106300008,8.9409739360000344],[125.67359644100009,8.9410514360000661],[125.67400849000012,8.9412525910000227],[125.67438037800002,8.9415765130000295],[125.67495844000007,8.9420214240000746]]]},"properties":{"objectid":8745,"gthcode":"8011602020920000","globalid":"{F48D8D28-3616-4AF0-B656-0A69D61D80D0}","st_area(shape)":0.00086832387363119825,"reg_name":"Region XIII (Caraga)","prov_name":"Agusan del Norte","city_name":"Butuan City","brgy_name":"Bugsukan","reg_code":"160000000","prov_code":"160200000","city_code":"160202000","brgy_code":"160202092","psgc_10d":"1630400092","geographic_level":"Bgy","old_names":"","class":"Highly Urbanized Cities (HUC)","income_class":"","urban_rural2015":"R","bgypop2015":1570,"bgypop2020":1946,"bgyarea_sqkm":10.56155055,"gida":"Yes","gida_yr":"2023","st_perimeter(shape)":0.14622923339799668,"created_user":null,"created_date":null,"last_edited_user":"ADMIN2","last_edited_date":1748789466000}},{"type":"Feature","id":8776,"geometry":{"type":"Polygon","coordinates":[[[125.55577197800005,8.9385827910000444],[125.55566211100006,8.938768891000052],[125.55556569700002,8.9389146330000244],[125.55547853300004,8.9391213770000491],[125.55539771400004,8.9393473300000323],[125.55532214200002,8.9395855060000713],[125.55517584000006,8.9401555790000771],[125.55510016700009,8.9404582720000576],[125.55504467300011,8.940806369000029],[125.5549589100001,8.9412553640000283],[125.55487314700008,8.9416942680000489],[125.55480756400004,8.9420373210000434],[125.5547117110001,8.9424106420000271],[125.55461081300007,8.9427940540000463],[125.55454018400007,8.9432834080000703],[125.55445442100006,8.9436163700000293],[125.5543585690001,8.9440300500000376],[125.55425767100007,8.9445547190000525],[125.55414668300011,8.9448977710000577],[125.55406596500006,8.9453972150000709],[125.55401551600005,8.9457604470000547],[125.55392975300003,8.946058095000069],[125.55384903600009,8.9464616860000206],[125.55375318200004,8.9469459950000214],[125.55359116300008,8.9478597650000324],[125.55350598300004,8.9483383830000207],[125.55408590400009,8.9520900660000393],[125.55380940700002,8.9520366580000541],[125.55273411400003,8.9518201860000204],[125.5521543430001,8.951719229000048],[125.5517010960001,8.9516135250000275],[125.55170075800004,8.9516134450000209],[125.55040011400001,8.9513051870000595],[125.55019250200007,8.9512525710000546],[125.54979641000011,8.9511458530000709],[125.54963322900005,8.9510642630000348],[125.54947146300003,8.9509617140000728],[125.54936333300009,8.9508663040000442],[125.54917887500005,8.9506627640000715],[125.54912442500006,8.9505826560000514],[125.5490670480001,8.950493381000058],[125.54845306200002,8.9495216060000757],[125.54802760200005,8.9489517570000316],[125.54786858700004,8.9488245450000363],[125.54770321100011,8.9486973320000516],[125.54709259100002,8.9483602200000405],[125.54651666500001,8.9480548450000583],[125.54661501200007,8.9476755050000634],[125.54678360700007,8.9469379020000588],[125.54683980600009,8.9464461650000544],[125.54689600400002,8.9458701320000387],[125.54689388700001,8.9457943020000243],[125.54687664100004,8.9451764030000618],[125.54666308600008,8.9445195060000628],[125.54664527300008,8.9444653140000696],[125.5461432730001,8.9432891870000617],[125.54582739000011,8.9430245010000249],[125.54552895300003,8.9427742150000427],[125.54491362700003,8.9424385830000688],[125.54433326300011,8.9423406900000373],[125.5437808690001,8.9421379120000211],[125.54363402900003,8.9417673180000747],[125.5437808690001,8.9410820690000605],[125.5439556770001,8.9406625290000648],[125.54409552400011,8.9402499810000222],[125.54421246800007,8.9398877070000253],[125.54431228600004,8.9395787170000744],[125.54473182600009,8.9391102300000398],[125.54489265000007,8.938690690000044],[125.54542136800001,8.9378989140000726],[125.5458801210001,8.9376110690000701],[125.54641083600006,8.9370623640000417],[125.54729557200005,8.936534770000037],[125.54739131000008,8.9364776780000739],[125.5482998220001,8.9360009350000382],[125.54884852700002,8.9355601720000664],[125.54953215900002,8.9348225670000261],[125.55185658300002,8.9365893350000647],[125.55577197800005,8.9385827910000444]]]},"properties":{"objectid":8776,"gthcode":"8011602020270000","globalid":"{65B7D2C2-029C-4807-9D51-7A1C5CB53AB7}","st_area(shape)":0.00012315927824011082,"reg_name":"Region XIII (Caraga)","prov_name":"Agusan del Norte","city_name":"Butuan City","brgy_name":"Buhangin Pob. (Bgy. 19)","reg_code":"160000000","prov_code":"160200000","city_code":"160202000","brgy_code":"160202027","psgc_10d":"1630400027","geographic_level":"Bgy","old_names":"Bgy. 19","class":"Highly Urbanized Cities (HUC)","income_class":"","urban_rural2015":"U","bgypop2015":4407,"bgypop2020":5005,"bgyarea_sqkm":1.4980320899999999,"gida":"No","gida_yr":null,"st_perimeter(shape)":0.047704211793036584,"created_user":null,"created_date":null,"last_edited_user":"ADMIN2","last_edited_date":1748789491000}},{"type":"Feature","id":9787,"geometry":{"type":"Polygon","coordinates":[[[125.5938165020001,9.0039077020000491],[125.57264101700002,9.0040561110000681],[125.5711459260001,9.004068797000059],[125.57114252600002,9.0031405430000291],[125.57107043000008,8.9964176150000412],[125.57105007200005,8.9916602390000548],[125.56975948700006,8.9873643150000362],[125.56964257000004,8.9859319860000255],[125.56936953600007,8.9849308650000239],[125.5685807750001,8.9826859270000341],[125.56805846900011,8.9799637830000734],[125.57959483200011,8.9808903550000423],[125.59473169400007,8.9808259580000254],[125.59550794600011,8.9895609810000678],[125.5951141160001,8.9930661940000505],[125.59403736200011,9.0026435560000664],[125.5938165020001,9.0039077020000491]]]},"properties":{"objectid":9787,"gthcode":"8011602020290000","globalid":"{04E421D7-81CD-4E15-87A3-67452A3E0AA7}","st_area(shape)":0.00057070218726777385,"reg_name":"Region XIII (Caraga)","prov_name":"Agusan del Norte","city_name":"Butuan City","brgy_name":"Cabcabon","reg_code":"160000000","prov_code":"160200000","city_code":"160202000","brgy_code":"160202029","psgc_10d":"1630400029","geographic_level":"Bgy","old_names":"","class":"Highly Urbanized Cities (HUC)","income_class":"","urban_rural2015":"R","bgypop2015":2326,"bgypop2020":2821,"bgyarea_sqkm":6.9407503299999993,"gida":"No","gida_yr":null,"st_perimeter(shape)":0.097120011828156175,"created_user":null,"created_date":null,"last_edited_user":"ADMIN2","last_edited_date":1748789491000}},{"type":"Feature","id":11088,"geometry":{"type":"Polygon","coordinates":[[[125.61875353300002,8.9203912790000572],[125.6080468560001,8.9155227020000325],[125.60781626700009,8.915423130000022],[125.60183161500004,8.9193085710000446],[125.59854527500011,8.9214515500000289],[125.59341199100004,8.9243004270000483],[125.59235160100002,8.9130873560000623],[125.5917380190001,8.9095464690000767],[125.59177568500002,8.9093251770000279],[125.59177568500002,8.9091321350000499],[125.59177568500002,8.9090003000000593],[125.59175214400011,8.908585965000043],[125.59293380500003,8.9072490020000714],[125.59786761100008,8.9038174020000724],[125.60454505000007,8.9005740740000761],[125.60663754400002,8.8976902470000709],[125.60835402500004,8.894257289000052],[125.61029936800003,8.8901377380000213],[125.61142553000002,8.8837507660000483],[125.61454432400001,8.8613379210000289],[125.6246551050001,8.857027831000039],[125.62626438600012,8.8562115400000607],[125.62819734100003,8.8543711540000345],[125.62907748800001,8.8531434190000482],[125.63012429000003,8.8485867500000381],[125.63025214800007,8.8472659250000447],[125.63876141100002,8.8475207010000645],[125.63428216400007,8.8895059750000769],[125.6359873450001,8.8975804670000684],[125.61875353300002,8.9203912790000572]]]},"properties":{"objectid":11088,"gthcode":"8011602020310000","globalid":"{388A839F-A425-459C-A7EF-09982E28D828}","st_area(shape)":0.0017238938704339478,"reg_name":"Region XIII (Caraga)","prov_name":"Agusan del Norte","city_name":"Butuan City","brgy_name":"Camayahan","reg_code":"160000000","prov_code":"160200000","city_code":"160202000","brgy_code":"160202031","psgc_10d":"1630400031","geographic_level":"Bgy","old_names":"","class":"Highly Urbanized Cities (HUC)","income_class":"","urban_rural2015":"R","bgypop2015":1258,"bgypop2020":1469,"bgyarea_sqkm":20.971383719999999,"gida":"No","gida_yr":null,"st_perimeter(shape)":0.21160805456094831,"created_user":null,"created_date":null,"last_edited_user":"ADMIN2","last_edited_date":1748789491000}},{"type":"Feature","id":13643,"geometry":{"type":"Polygon","coordinates":[[[125.53860075700004,8.9458134470000346],[125.5379907570001,8.9458834480000746],[125.53760075700006,8.9458834480000746],[125.53654749000009,8.946349815000076],[125.53592405500001,8.9461617090000232],[125.53567145600005,8.946279946000061],[125.53480079600001,8.9458446160000449],[125.53430774700007,8.9448093950000498],[125.5338316970001,8.9446372420000557],[125.53250390200003,8.9440803710000409],[125.53351409300001,8.9413414780000267],[125.53447269200001,8.9416642920000413],[125.53489240100009,8.9418137070000512],[125.53533709800001,8.9419759390000308],[125.53539893900006,8.9419987040000706],[125.53669811100008,8.9424946670000622],[125.53721583000004,8.9426740160000691],[125.53715147800006,8.9437336360000472],[125.53756025300004,8.9436896860000275],[125.53973011900007,8.9435304020000217],[125.54037358400001,8.9434749840000336],[125.54042360400001,8.9441275680000558],[125.54042541600006,8.9441908990000343],[125.54044099100008,8.9447960050000574],[125.54044677900004,8.9448684540000727],[125.54047058900005,8.9452475020000293],[125.54047276300003,8.9452839010000389],[125.53987693100009,8.945339863000072],[125.53860388500004,8.9454659980000315],[125.53860075700004,8.9456277360000627],[125.53860075700004,8.9458134470000346]]]},"properties":{"objectid":13643,"gthcode":"8011602020440000","globalid":"{9B47A8E7-A825-4935-89E8-3FADA82E7C3C}","st_area(shape)":2.1820150507603133e-05,"reg_name":"Region XIII (Caraga)","prov_name":"Agusan del Norte","city_name":"Butuan City","brgy_name":"Dagohoy Pob. (Bgy. 7)","reg_code":"160000000","prov_code":"160200000","city_code":"160202000","brgy_code":"160202044","psgc_10d":"1630400044","geographic_level":"Bgy","old_names":"Bgy. 7","class":"Highly Urbanized Cities (HUC)","income_class":"","urban_rural2015":"U","bgypop2015":1177,"bgypop2020":1161,"bgyarea_sqkm":0.26540584,"gida":"No","gida_yr":null,"st_perimeter(shape)":0.022337740612199269,"created_user":null,"created_date":null,"last_edited_user":"ADMIN2","last_edited_date":1748789492000}},{"type":"Feature","id":14018,"geometry":{"type":"Polygon","coordinates":[[[125.58393166400003,8.7666440370000487],[125.5777602170001,8.7666622160000429],[125.57371135100004,8.7664932740000268],[125.56033350600001,8.7663570850000383],[125.56017653300012,8.748690095000029],[125.56759659300008,8.7487542730000314],[125.59182229600003,8.74873145600003],[125.59201579900002,8.7504084840000473],[125.59251169600009,8.7519418540000515],[125.59328170700007,8.7529685360000258],[125.59534933000009,8.7548650450000309],[125.59621915700006,8.7556920940000396],[125.59668972000009,8.7564478460000714],[125.59680379600002,8.7572891540000342],[125.5965899040001,8.7577597160000664],[125.59621915700006,8.7580876850000209],[125.59567729800006,8.7581304630000432],[125.59504988100002,8.7579450900000211],[125.59352411900011,8.7573319320000564],[125.58894682900007,8.7557063540000399],[125.58800570500011,8.7553498670000636],[125.58712161700009,8.7554639420000626],[125.58643716300003,8.7557348720000618],[125.58509289600011,8.7564190210000561],[125.58425438500001,8.7570121140000765],[125.58368174200007,8.7578301750000378],[125.58343632300011,8.7581778500000382],[125.58329316300001,8.758822073000033],[125.58338519500012,8.7591492970000218],[125.58364083900005,8.7595174240000233],[125.58399874100007,8.7597730680000723],[125.58424415800005,8.7600798400000599],[125.58444867300011,8.7603763870000648],[125.58456115700005,8.7607649660000675],[125.58477589800009,8.7613785120000216],[125.58487815500007,8.7619613800000593],[125.58486082900004,8.7626860330000227],[125.58480049400009,8.7636876000000257],[125.5846798230001,8.7645684980000738],[125.58446261500001,8.765413193000029],[125.58425747500007,8.7660165480000387],[125.58393166400003,8.7666440370000487]]]},"properties":{"objectid":14018,"gthcode":"8011602020360000","globalid":"{B11D0F5C-8947-4194-ABD3-959C0187892A}","st_area(shape)":0.00050111270129188899,"reg_name":"Region XIII (Caraga)","prov_name":"Agusan del Norte","city_name":"Butuan City","brgy_name":"Dankias","reg_code":"160000000","prov_code":"160200000","city_code":"160202000","brgy_code":"160202036","psgc_10d":"1630400036","geographic_level":"Bgy","old_names":"","class":"Highly Urbanized Cities (HUC)","income_class":"","urban_rural2015":"R","bgypop2015":1195,"bgypop2020":1385,"bgyarea_sqkm":6.0982214500000005,"gida":"Yes","gida_yr":"2023","st_perimeter(shape)":0.10767043843363309,"created_user":null,"created_date":null,"last_edited_user":"ADMIN2","last_edited_date":1748789466000}},{"type":"Feature","id":14313,"geometry":{"type":"Polygon","coordinates":[[[125.65985421500011,8.9240945170000714],[125.65043836100006,8.9310494910000671],[125.64010090900001,8.9293670330000623],[125.63198016100012,8.9270942690000652],[125.61875353300002,8.9203912790000572],[125.6359873450001,8.8975804670000684],[125.64929075700002,8.9113534470000673],[125.65672278900001,8.9160289550000584],[125.65674019900007,8.9168004010000459],[125.65679229200009,8.9172598730000345],[125.65690536600005,8.9175988330000564],[125.65698304600005,8.9178238580000766],[125.65710270400007,8.9180907090000687],[125.65719871700003,8.9182934890000638],[125.65724098800001,8.9185624370000482],[125.65723556300009,8.9188606990000494],[125.65721194000002,8.919125465000036],[125.65710799400006,8.9193748460000393],[125.65699680000012,8.9195513010000695],[125.65684805100011,8.9196615060000681],[125.65666947800003,8.9197060190000457],[125.65652792100002,8.9196841790000576],[125.65635631500004,8.9195593310000731],[125.65600019100009,8.9193671630000608],[125.6556908230001,8.9193004800000608],[125.65535398200007,8.9192706790000216],[125.65509359000009,8.9193065920000549],[125.65489714500006,8.919415324000056],[125.65472922600009,8.9195675880000636],[125.6546140690001,8.9197338950000358],[125.65458688800004,8.9199169830000642],[125.65466164400004,8.9201341350000689],[125.65478926500009,8.9203839330000392],[125.65500032300008,8.9206776070000728],[125.65520025300009,8.920911874000069],[125.65541567600008,8.9210753910000449],[125.65566663900006,8.9211963550000632],[125.65597821100005,8.9212993210000491],[125.6563485800001,8.9213777590000518],[125.65705068700004,8.9215574170000309],[125.65760843300006,8.9216954000000328],[125.65821855000002,8.9217795110000679],[125.65884790900009,8.9218829330000631],[125.65910749500006,8.9219870780000292],[125.65931107900008,8.9220565680000732],[125.65947589000007,8.9221433050000769],[125.65957063500002,8.9221815020000577],[125.65968027400004,8.9221610380000698],[125.65980141500006,8.9221058600000447],[125.65995219600006,8.9220049920000406],[125.66011088300002,8.9218975500000397],[125.66023489700001,8.9218459040000653],[125.66034525100008,8.9218288770000527],[125.66046018500003,8.9218807800000377],[125.66051376500002,8.9219671230000586],[125.66054007700006,8.9220536350000543],[125.66050462400005,8.922161304000042],[125.66038883200008,8.9223669920000361],[125.66024075200005,8.9226044170000591],[125.66006240400009,8.9228820170000631],[125.65993375700009,8.9232475430000591],[125.65983240200001,8.9235733190000701],[125.6598091730001,8.923824211000067],[125.65982946600002,8.9240109500000244],[125.65985421500011,8.9240945170000714]]]},"properties":{"objectid":14313,"gthcode":"8011602020930000","globalid":"{B9098FE7-149A-4EEE-BE69-31C42BE0EAD2}","st_area(shape)":0.00072882786361057913,"reg_name":"Region XIII (Caraga)","prov_name":"Agusan del Norte","city_name":"Butuan City","brgy_name":"De Oro","reg_code":"160000000","prov_code":"160200000","city_code":"160202000","brgy_code":"160202093","psgc_10d":"1630400093","geographic_level":"Bgy","old_names":"","class":"Highly Urbanized Cities (HUC)","income_class":"","urban_rural2015":"R","bgypop2015":1968,"bgypop2020":2385,"bgyarea_sqkm":8.8656158300000012,"gida":"No","gida_yr":null,"st_perimeter(shape)":0.11767381732409482,"created_user":null,"created_date":null,"last_edited_user":"ADMIN2","last_edited_date":1748789492000}},{"type":"Feature","id":14578,"geometry":{"type":"Polygon","coordinates":[[[125.54288703600002,8.9473401370000261],[125.54214277700009,8.9474173020000762],[125.54142926400004,8.9474747000000434],[125.54064404300004,8.9475721720000365],[125.54061185500007,8.9471626530000208],[125.54051633500001,8.9459474160000241],[125.54048695900008,8.9455167750000442],[125.54047276300003,8.9452839010000389],[125.54047058900005,8.9452475020000293],[125.54044677900004,8.9448684540000727],[125.54044099100008,8.9447960050000574],[125.54042541600006,8.9441908990000343],[125.54042360400001,8.9441275680000558],[125.54037358400001,8.9434749840000336],[125.54088434000005,8.9435146760000634],[125.54109123300009,8.9436329020000471],[125.54151719200001,8.9433616790000769],[125.54260998200004,8.9433454190000248],[125.54327509000007,8.9433228310000459],[125.54330180500006,8.9439948500000241],[125.5433485320001,8.9446986290000723],[125.54338067500009,8.9452853860000232],[125.54342220800004,8.94598237200006],[125.54347373100006,8.9466586440000242],[125.54351531200007,8.947271861000047],[125.54288703600002,8.9473401370000261]]]},"properties":{"objectid":14578,"gthcode":"8011602020380000","globalid":"{110FBA8D-334D-4C43-BB5D-223C19818173}","st_area(shape)":1.1631120569403214e-05,"reg_name":"Region XIII (Caraga)","prov_name":"Agusan del Norte","city_name":"Butuan City","brgy_name":"Diego Silang Pob. (Bgy. 6)","reg_code":"160000000","prov_code":"160200000","city_code":"160202000","brgy_code":"160202038","psgc_10d":"1630400038","geographic_level":"Bgy","old_names":"Bgy. 6","class":"Highly Urbanized Cities (HUC)","income_class":"","urban_rural2015":"U","bgypop2015":908,"bgypop2020":838,"bgyarea_sqkm":0.14147272999999999,"gida":"No","gida_yr":null,"st_perimeter(shape)":0.01396466565210387,"created_user":null,"created_date":null,"last_edited_user":"ADMIN2","last_edited_date":1748789492000}},{"type":"Feature","id":14978,"geometry":{"type":"Polygon","coordinates":[[[125.60788720900007,8.8576748680000605],[125.60454131600011,8.8630102090000378],[125.59983995300001,8.8686068730000329],[125.59703566600001,8.8711488670000449],[125.59168318900004,8.8731569050000303],[125.58747638000011,8.873581548000061],[125.58600735700008,8.8741432340000301],[125.58410626800003,8.8744888870000409],[125.58285327800002,8.8746185060000471],[125.58004485000004,8.8744456800000648],[125.57433096400007,8.8742136590000769],[125.57333044500001,8.8704974470000479],[125.57213935200002,8.8674482470000271],[125.57094825800004,8.8649707730000387],[125.5694006330001,8.8629676870000367],[125.57227895800008,8.8605073040000661],[125.57485779900003,8.858966922000036],[125.57840646400007,8.8574938230000271],[125.58502803400006,8.8579648850000581],[125.58958497700007,8.8579131010000651],[125.59212236700012,8.8574470500000757],[125.59609938000006,8.8558795790000318],[125.59669465400009,8.8554579270000318],[125.59719152200012,8.8548861200000601],[125.59754547600005,8.8544657990000246],[125.59781094100003,8.8540233560000274],[125.59834187300009,8.8534924240000237],[125.5988064390001,8.8528508810000517],[125.59929312700001,8.8521429720000242],[125.59964708100006,8.8517005280000376],[125.60024437900006,8.8510368640000365],[125.60088592200009,8.850793521000071],[125.60159383100006,8.850395322000054],[125.60788720900007,8.8576748680000605]]]},"properties":{"objectid":14978,"gthcode":"8011602021020000","globalid":"{1CBDB808-9D06-4423-8C9C-916F56DB923F}","st_area(shape)":0.00052464783625481978,"reg_name":"Region XIII (Caraga)","prov_name":"Agusan del Norte","city_name":"Butuan City","brgy_name":"Don Francisco","reg_code":"160000000","prov_code":"160200000","city_code":"160202000","brgy_code":"160202102","psgc_10d":"1630400102","geographic_level":"Bgy","old_names":"","class":"Highly Urbanized Cities (HUC)","income_class":"","urban_rural2015":"R","bgypop2015":1183,"bgypop2020":1316,"bgyarea_sqkm":6.3828267499999995,"gida":"No","gida_yr":null,"st_perimeter(shape)":0.099254180015170793,"created_user":null,"created_date":null,"last_edited_user":"ADMIN2","last_edited_date":1748789492000}},{"type":"Feature","id":15075,"geometry":{"type":"Polygon","coordinates":[[[125.52559287500003,8.9708649610000748],[125.52353530900007,8.9702972890000297],[125.52171863600006,8.9710740260000534],[125.51979562600002,8.9693608380000569],[125.51945267400004,8.9692821800000502],[125.51782601100001,8.9687410070000624],[125.51794871900006,8.9685176170000318],[125.51777567000011,8.9683917630000565],[125.51681376200008,8.9683954800000265],[125.51583437200009,8.9684043480000355],[125.51567331800004,8.9671463980000681],[125.51478385400003,8.9664468920000218],[125.51453896400005,8.9634270650000758],[125.51456469700008,8.9633305680000603],[125.51455826300003,8.9627001160000646],[125.51453896400005,8.9621018310000409],[125.51451966400009,8.961799471000063],[125.51456469700008,8.9614263470000424],[125.51463546200011,8.9609953250000558],[125.5147336550001,8.9601137870000684],[125.51454075700008,8.9600034480000659],[125.5141707570001,8.9597834480000529],[125.51392075700005,8.9594834470000251],[125.51182887100003,8.9560998960000688],[125.51140880800006,8.955491233000032],[125.51373809800009,8.9537399520000349],[125.51384155300002,8.9536503290000269],[125.51393572600011,8.9535838130000229],[125.5147301400001,8.953542723000055],[125.51489450100007,8.9535016330000303],[125.51507255900003,8.9533783610000341],[125.51853075700001,8.9502134480000564],[125.51865409300001,8.9496130400000311],[125.51876999400008,8.9496294300000727],[125.5207559270001,8.9499102660000744],[125.52231240300011,8.9500897080000641],[125.52266601000008,8.9500575620000404],[125.52316427500011,8.9499771970000666],[125.52363833200002,8.9499092350000637],[125.52382739200004,8.9498770950000335],[125.52501090400006,8.9499621720000277],[125.52533588600011,8.950017148000029],[125.52615075600011,8.95019344800005],[125.52625075700007,8.9503034480000565],[125.5266007570001,8.9509434470000429],[125.52682075700011,8.9510934480000515],[125.52741250600002,8.9494242020000456],[125.53029727900002,8.950155513000027],[125.5302117760001,8.95038164500005],[125.52984629400009,8.951348246000066],[125.52956075700001,8.9521034480000594],[125.52949075700008,8.9522734480000281],[125.5300707560001,8.9534334480000553],[125.53012075700008,8.9536034480000239],[125.5300707560001,8.9539334480000434],[125.52978075700003,8.9542134480000755],[125.52944756600004,8.9543607220000467],[125.52857075700001,8.9547434480000447],[125.52821962600001,8.9556798000000413],[125.52812075600002,8.9559434480000277],[125.52797075700005,8.9563934480000285],[125.52767075600002,8.9573434480000742],[125.5276059360001,8.957507056000054],[125.52749741500008,8.9577809760000378],[125.52746833300012,8.9578543790000253],[125.52723303000005,8.9584483200000591],[125.52799307700002,8.9583727860000408],[125.52820690600004,8.9583366450000312],[125.52844226900004,8.9582968670000582],[125.52821278900001,8.95852564300003],[125.52810332800004,8.9596158730000752],[125.52924075700003,8.9598334470000509],[125.52969075700003,8.9599134470000763],[125.53062877600007,8.9599540180000758],[125.53401554700008,8.9601006860000325],[125.53331066500004,8.9612937790000728],[125.53322449300003,8.9614964930000269],[125.53271494000012,8.9626934440000241],[125.5320671610001,8.9637576530000729],[125.53163916400001,8.964792942000031],[125.53158029500003,8.9652006430000597],[125.53182201600009,8.9652693350000732],[125.52886819800005,8.9679226260000746],[125.52559287500003,8.9708649610000748]]]},"properties":{"objectid":15075,"gthcode":"8011602020390000","globalid":"{AA3932D3-77B9-4A49-994E-6326A9521473}","st_area(shape)":0.00030575336535800066,"reg_name":"Region XIII (Caraga)","prov_name":"Agusan del Norte","city_name":"Butuan City","brgy_name":"Doongan","reg_code":"160000000","prov_code":"160200000","city_code":"160202000","brgy_code":"160202039","psgc_10d":"1630400039","geographic_level":"Bgy","old_names":"","class":"Highly Urbanized Cities (HUC)","income_class":"","urban_rural2015":"U","bgypop2015":13728,"bgypop2020":13814,"bgyarea_sqkm":3.71882256,"gida":"No","gida_yr":null,"st_perimeter(shape)":0.081425410698415357,"created_user":null,"created_date":null,"last_edited_user":"ADMIN2","last_edited_date":1748789492000}},{"type":"Feature","id":15167,"geometry":{"type":"Polygon","coordinates":[[[125.56072318300005,8.8238168960000394],[125.56086602100004,8.8367156450000266],[125.55558442800009,8.8401803700000414],[125.55255547800004,8.8432662330000653],[125.5499051380001,8.8459173360000705],[125.54825150200008,8.8480509290000668],[125.54527022400009,8.8453358360000607],[125.54162905300007,8.8419547480000347],[125.52350988900002,8.832158262000064],[125.52456283800007,8.8256225020000443],[125.52499989600005,8.8218895390000398],[125.52549053600001,8.8138714940000682],[125.54646010500005,8.8144269810000537],[125.54972829200005,8.8145432860000597],[125.55298449300005,8.8146591660000695],[125.55474402100003,8.824350197000058],[125.55550915900005,8.8242277840000725],[125.55627426100011,8.8241711110000551],[125.55694326800005,8.8241705170000273],[125.5570404770001,8.8241680860000429],[125.55712067400009,8.8241559350000216],[125.55796031700004,8.8239727510000421],[125.5587112500001,8.8238168960000394],[125.55964637300008,8.8236752110000225],[125.56072318300005,8.8238168960000394]]]},"properties":{"objectid":15167,"gthcode":"8011602020940000","globalid":"{2A9834F6-4145-4287-9BBE-549DD33907C3}","st_area(shape)":0.00087159390575558614,"reg_name":"Region XIII (Caraga)","prov_name":"Agusan del Norte","city_name":"Butuan City","brgy_name":"Dulag","reg_code":"160000000","prov_code":"160200000","city_code":"160202000","brgy_code":"160202094","psgc_10d":"1630400094","geographic_level":"Bgy","old_names":"","class":"Highly Urbanized Cities (HUC)","income_class":"","urban_rural2015":"R","bgypop2015":2047,"bgypop2020":1700,"bgyarea_sqkm":10.604751949999999,"gida":"No","gida_yr":null,"st_perimeter(shape)":0.12140150652956432,"created_user":null,"created_date":null,"last_edited_user":"ADMIN2","last_edited_date":1748789492000}},{"type":"Feature","id":15223,"geometry":{"type":"Polygon","coordinates":[[[125.47117561500011,8.9181793930000595],[125.47159202800003,8.9188271460000692],[125.47219351400008,8.919845045000045],[125.47219351400008,8.9218345740000586],[125.47200844100007,8.924240515000065],[125.47112934800009,8.9259524340000667],[125.46950996400005,8.930162833000054],[125.46895474700011,8.9310419260000344],[125.46895577900011,8.9321803140000497],[125.46889496200004,8.9331128400000352],[125.46883414500007,8.9352211590000366],[125.46881387300004,8.9356468770000674],[125.46875305600008,8.9363564070000621],[125.46850978800012,8.9369240310000464],[125.46832733800011,8.9374308390000579],[125.46818543200004,8.9381403690000525],[125.46821445700004,8.9386298960000659],[125.46842869900001,8.93957970200006],[125.46964876800007,8.9428865620000693],[125.46937116000004,8.9459402560000285],[125.46918608700003,8.9467268140000442],[125.46858460200008,8.9482073930000752],[125.46812192000004,8.9495491690000222],[125.46674837300009,8.9514940210000304],[125.46490191000009,8.9521994570000629],[125.46383416700007,8.9526042700000517],[125.46131473900004,8.9524842970000691],[125.46321610200005,8.9151591020000751],[125.46324952600003,8.9151619760000358],[125.46348295000007,8.9153781110000523],[125.46356940400005,8.9155077910000387],[125.46380282900009,8.9155769540000733],[125.46536764000007,8.9164674270000432],[125.46560971000008,8.9167959510000401],[125.46578261700006,8.9169688580000752],[125.46604197800002,8.9171244740000475],[125.46655205500008,8.9172368640000741],[125.46673360700004,8.91726280000006],[125.46762408000006,8.9176691330000608],[125.4678169770001,8.9178188800000271],[125.47117561500011,8.9181793930000595]]]},"properties":{"objectid":15223,"gthcode":"8011602020400000","globalid":"{9970ECCF-6E95-4A90-8F9E-DA8A6C4057F5}","st_area(shape)":0.00026204262816621054,"reg_name":"Region XIII (Caraga)","prov_name":"Agusan del Norte","city_name":"Butuan City","brgy_name":"Dumalagan","reg_code":"160000000","prov_code":"160200000","city_code":"160202000","brgy_code":"160202040","psgc_10d":"1630400040","geographic_level":"Bgy","old_names":"","class":"Highly Urbanized Cities (HUC)","income_class":"","urban_rural2015":"R","bgypop2015":2580,"bgypop2020":2932,"bgyarea_sqkm":3.1874009800000001,"gida":"No","gida_yr":null,"st_perimeter(shape)":0.087119492482638075,"created_user":null,"created_date":null,"last_edited_user":"ADMIN2","last_edited_date":1748789492000}},{"type":"Feature","id":15693,"geometry":{"type":"Polygon","coordinates":[[[125.65115882200007,8.8090278880000596],[125.64828626400003,8.8210168210000575],[125.64330586500012,8.8181983250000258],[125.64071553600002,8.814312831000052],[125.63800170800005,8.8124937740000746],[125.63692255300009,8.8111674310000581],[125.6346097600001,8.8103348250000408],[125.63238947700006,8.8095947310000611],[125.63127933600003,8.8087621250000439],[125.63006392300008,8.8077591510000275],[125.62986017900005,8.8066498750000619],[125.62988281700007,8.8062876630000346],[125.62997337000002,8.8056990670000346],[125.62981490300001,8.8052915780000376],[125.62942910100003,8.804229049000071],[125.62831896000012,8.8024713260000453],[125.62641916000007,8.8018279210000401],[125.62530578500002,8.801723412000058],[125.62478920400008,8.8013751560000628],[125.6238157570001,8.8008997520000207],[125.62192589100005,8.8004065520000267],[125.62181614700012,8.800563329000056],[125.62175343700005,8.8006511230000228],[125.62151200000005,8.8007169700000532],[125.62128624200011,8.8008173060000559],[125.62090997900009,8.8008517970000639],[125.62067167800001,8.8007890860000657],[125.62055252900007,8.8006699360000766],[125.62028600800011,8.8003501120000465],[125.62020134900001,8.8001682520000486],[125.62021389100005,8.8000208820000694],[125.6203048210001,8.7998546990000364],[125.62041770100006,8.7995975850000718],[125.62046473300006,8.7993812340000659],[125.62042397100004,8.7992495410000515],[125.62027346600007,8.7990175120000345],[125.62005084400005,8.7988764140000626],[125.61985957600007,8.798766669000031],[125.61973729100009,8.7986851460000253],[125.61932026500006,8.798431168000036],[125.61890637500005,8.7982493070000487],[125.61863044800009,8.7981238860000417],[125.61841096100011,8.7981113440000627],[125.61823850700011,8.7981144790000485],[125.61815384800002,8.7981270210000275],[125.61807859500004,8.7981082080000306],[125.61795003800012,8.7979702450000445],[125.61785597300002,8.7978071970000542],[125.61775877100001,8.7976284720000422],[125.61769606100006,8.797515593000071],[125.61753928400003,8.797443476000069],[125.61734801700004,8.7974811020000629],[125.61713793600006,8.7975344070000574],[125.61701251500006,8.797578303000023],[125.6168808220001,8.7976660990000255],[125.61686828100005,8.7978071970000542],[125.61699056600003,8.7979263470000433],[125.61705327600009,8.7980486340000539],[125.61698116000002,8.7981176150000238],[125.61687455200001,8.7980768530000546],[125.61671150400002,8.7980110070000705],[125.6165453210001,8.7980235490000496],[125.61646379700005,8.7979294830000754],[125.61638540800004,8.7977382150000381],[125.6164104930001,8.797487373000024],[125.61645752600009,8.7970922960000735],[125.61657981100007,8.7967724720000433],[125.61663938700008,8.7966156960000603],[125.61674285900006,8.7964651910000384],[125.61691531300005,8.7963679890000321],[125.61701565100009,8.7962582450000468],[125.61699056600003,8.7960951980000459],[125.6168526030001,8.7959823190000748],[125.61666447100004,8.7959227440000518],[125.61656099800007,8.7959133370000586],[125.61641362800003,8.7959697770000389],[125.61636346100011,8.7960544360000767],[125.61631015600005,8.7962268900000709],[125.61625998700003,8.796405615000026],[125.61617219300001,8.7965529850000621],[125.61608753300004,8.7966972200000555],[125.61596838300011,8.7967599300000643],[125.61559525500002,8.7968100990000266],[125.61554508600011,8.7967944210000724],[125.61550432500007,8.7967411170000673],[125.6155262740001,8.7966784070000585],[125.61556076400007,8.7966188320000356],[125.61552313800007,8.7965341730000546],[125.61551059600004,8.7963773960000253],[125.61549491900007,8.796255110000061],[125.61551059600004,8.7960826560000669],[125.61558898400006,8.7958192720000739],[125.6155544930001,8.7957032570000706],[125.61546356300005,8.7955778350000742],[125.6152566180001,8.7954931770000258],[125.61514060400009,8.7955088540000474],[125.61499950500001,8.7956687660000625],[125.61486781200006,8.7959290150000697],[125.61476747500001,8.7961861290000343],[125.61463264800011,8.796308414000066],[125.61452290400007,8.7963962090000223],[125.61443510900006,8.7965310370000225],[125.61435358500012,8.7967003560000308],[125.61421562200007,8.7967912860000297],[125.61407765900003,8.7968006920000335],[125.61394910200011,8.7967912860000297],[125.6138424940001,8.7967285750000315],[125.61380173200007,8.7966564580000295],[125.61382054600006,8.7965247660000614],[125.61382054600006,8.7963617190000605],[125.61385817100006,8.7962112120000597],[125.61391147600011,8.7961202820000608],[125.61392715300008,8.796026217000076],[125.61383622300002,8.7959007950000228],[125.61373275000005,8.7958349490000387],[125.61363241400011,8.7957910520000269],[125.61351338600002,8.795768894000048],[125.61338112300007,8.7957777100000385],[125.6132488610001,8.795768894000048],[125.61318403200005,8.7957252050000534],[125.61313700000005,8.7956656310000767],[125.61310564500002,8.7956311400000686],[125.61300637900001,8.7955881340000701],[125.61286970900005,8.7955881340000701],[125.61271981100003,8.7956013610000241],[125.61249496500011,8.7956101780000608],[125.61233102800009,8.7956401350000419],[125.61215318800009,8.7956625300000724],[125.61204384900009,8.7956928280000284],[125.61197666600003,8.7957297140000605],[125.61191606800003,8.7957863590000329],[125.61184493200005,8.7958100710000622],[125.61174613200001,8.7958034840000323],[125.6116078120001,8.7958008490000452],[125.61145500100008,8.7958100710000622],[125.61130200400009,8.7958102970000596],[125.61115559000007,8.7957669160000478],[125.61096037100003,8.7956421920000594],[125.61084649200006,8.7955174680000709],[125.61078141900009,8.7954035910000243],[125.61071092300006,8.7952192160000209],[125.61066211800005,8.7950782250000543],[125.61068923200003,8.7949480780000613],[125.61084649200006,8.7948342000000252],[125.61093867900001,8.7947311680000553],[125.6109657930001,8.7945684850000703],[125.61109051700009,8.7945088350000447],[125.6111772810001,8.7944871430000262],[125.61129658200002,8.7944491840000296],[125.61145384200006,8.794411225000033],[125.61154602900001,8.7943298830000458],[125.61169244400003,8.7941834690000746],[125.61177378500008,8.7940153630000282],[125.61176293900007,8.7938743710000722],[125.61164363900002,8.7936954190000733],[125.61145926500001,8.7935923870000465],[125.61133454100002,8.7934405500000707],[125.61124777700002,8.7933917440000755],[125.61107967100008,8.7933158260000255],[125.61095494800009,8.7931748340000695],[125.6107434590001,8.7930446880000659],[125.61056450900003,8.7930338420000567],[125.61042351700007,8.7930338420000567],[125.61024998800008,8.7929687690000264],[125.61017949200004,8.7929687690000264],[125.61006561400006,8.7930121510000276],[125.61006019100012,8.7931151840000439],[125.61008730500009,8.7932453300000475],[125.61016864700002,8.7933320940000499],[125.61027710200005,8.7933700540000359],[125.61032590700006,8.7934297040000615],[125.61036386600006,8.7935056230000441],[125.61030421600003,8.7935761190000221],[125.61021202800009,8.7936954190000733],[125.61024456500002,8.7938418340000339],[125.61026083400009,8.7939611350000746],[125.61034217500003,8.794096704000026],[125.61039098000003,8.794270233000077],[125.61039098000003,8.7944708750000586],[125.61026083400009,8.7945847530000378],[125.61010357400005,8.7947040540000216],[125.61004392300003,8.7948396230000299],[125.60990293100008,8.7949263870000323],[125.60972398000001,8.7949318100000369],[125.6096643300001,8.7948287770000206],[125.60961552400011,8.7946715170000402],[125.60962094700005,8.7945251020000228],[125.60966975300005,8.7943841100000668],[125.60972940300007,8.7941943140000376],[125.60965348400009,8.7940804360000584],[125.60955045100002,8.7939611350000746],[125.60950164700012,8.7938147210000466],[125.60947995600009,8.7937279560000547],[125.60937150000007,8.7937333790000594],[125.60920881800007,8.7938201440000512],[125.60904613500009,8.793863525000063],[125.60893225600012,8.7938255660000664],[125.60876415100006,8.7937821840000652],[125.60865027300008,8.7937767610000606],[125.60858520000011,8.7937062650000257],[125.60862315800011,8.7936249230000385],[125.60874246000003,8.793521892000058],[125.60868823200008,8.7933483630000637],[125.60848216700003,8.7932399070000429],[125.60795615900008,8.7929091190000577],[125.60777720800002,8.7928060860000414],[125.60769044400001,8.7928169320000507],[125.60755487400002,8.7929470780000543],[125.60731085000009,8.7930663790000381],[125.60713189800003,8.7932236390000753],[125.60692041100003,8.7935381590000361],[125.60681195500001,8.793901485000049],[125.60664385000007,8.7940424770000618],[125.60652997200009,8.7941129730000398],[125.60643778400004,8.7941943140000376],[125.60616122400006,8.7941292410000642],[125.60586839500002,8.794085859000063],[125.60565148400008,8.7941021270000306],[125.60552133700003,8.7941129730000398],[125.60532611800011,8.7941238180000596],[125.60505498000009,8.7940479000000664],[125.60498448300007,8.7939448670000502],[125.60490856500007,8.7938255660000664],[125.60479468700009,8.7937279560000547],[125.60467538600005,8.7935598500000651],[125.60467538600005,8.7933646310000313],[125.60477299600007,8.7933212490000301],[125.60485433700001,8.7933592080000267],[125.60495194700002,8.7934459730000754],[125.60502786600011,8.7935164690000533],[125.6051905490001,8.7935544280000499],[125.60532069500005,8.7935435820000407],[125.60540203700009,8.7934622400000535],[125.60542915100007,8.7933754760000511],[125.60546711000006,8.7932670210000765],[125.60547253300001,8.7932073710000509],[125.60541288200011,8.7931748340000695],[125.60534238700006,8.7931911030000265],[125.6052393540001,8.7931911030000265],[125.60515801200006,8.7931043380000347],[125.60509293900009,8.7929470780000543],[125.60501159800003,8.7927518590000204],[125.60500075200002,8.7925512160000494],[125.60497363900004,8.7923668420000354],[125.60487060600008,8.792171622000069],[125.6048055330001,8.7920902810000712],[125.60464827300007,8.7920577450000224],[125.60445847500011,8.7921336640000618],[125.60429037000006,8.7922909240000422],[125.60420902900012,8.7923993790000736],[125.60417106900002,8.7925891760000354],[125.60418733800009,8.7927681270000448],[125.60430663800003,8.7930338420000567],[125.60419818300011,8.7932670210000765],[125.60406803700005,8.7933320940000499],[125.60391619900008,8.7932724440000243],[125.60373724800002,8.7930826470000625],[125.60368302100005,8.7928223550000553],[125.60350949200006,8.7925132570000528],[125.60322208600007,8.7921228180000526],[125.60306482500005,8.7918842160000281],[125.60278826400008,8.7916510370000651],[125.60266896300004,8.7916293470000255],[125.60249001200009,8.7916944200000557],[125.60239782500003,8.7916727280000373],[125.60226767900008,8.7917378020000569],[125.60202829900004,8.7918941050000399],[125.60180253300007,8.7919151060000331],[125.60161876900008,8.7917838460000439],[125.60150326100006,8.7916210840000417],[125.60135099900003,8.7913428140000747],[125.60121448900009,8.7911905530000354],[125.60103072600009,8.791117047000057],[125.60082071000011,8.7911275480000768],[125.60063169500006,8.7911327980000351],[125.6004769110001,8.791057573000046],[125.60013290900008,8.7910382910000635],[125.5998463200001,8.791070990000037],[125.5996450670001,8.791057573000046],[125.59952386400005,8.7910802940000394],[125.59940310500008,8.7911538000000746],[125.59926939600007,8.7914198280000733],[125.59913522800002,8.7916076630000362],[125.59905132900008,8.7916630880000639],[125.59894632100008,8.791678839000042],[125.59886231400003,8.7916210840000417],[125.59874680600001,8.7916053340000531],[125.59847378600011,8.7916210840000417],[125.59830052200005,8.7917208420000748],[125.59818501400002,8.7917418440000574],[125.59779354500006,8.7917418320000706],[125.59729712300009,8.791634497000075],[125.59682203800003,8.7913277560000438],[125.59642998800007,8.7910477210000408],[125.59612195000011,8.7910057160000292],[125.59382566000011,8.7913697620000448],[125.59259777700004,8.7913020930000698],[125.5925599950001,8.7909620490000293],[125.59267334300011,8.79056532900006],[125.59275835400001,8.790102490000038],[125.59268278800005,8.7897529990000294],[125.59246553700007,8.7893184970000675],[125.59230496100008,8.7890540180000585],[125.59203103600009,8.7885533960000544],[125.59183155300002,8.7883047460000512],[125.59149263100005,8.7879961000000435],[125.5912281520001,8.7876938380000524],[125.59085977000007,8.7873349010000652],[125.59058584500008,8.7869287370000393],[125.59016078800005,8.7866264750000482],[125.58962238400011,8.7864186690000565],[125.58907453300003,8.786267538000061],[125.58848890000002,8.7860975160000407],[125.58796938700004,8.7859841670000378],[125.5873459710001,8.7858613740000351],[125.58674144700001,8.7856724590000681],[125.58610858500003,8.7854835450000337],[125.58529625500012,8.7853324140000382],[125.58449337100001,8.7851340550000714],[125.58380383600002,8.7850395970000363],[125.58324653900002,8.7849923700000545],[125.58255700400002,8.7849640320000617],[125.58198081700004,8.784841239000059],[125.58153686900005,8.7846428790000459],[125.58109292100005,8.7845106390000751],[125.58077176800009,8.7843217250000407],[125.58039394000002,8.7841611480000665],[125.57965717600007,8.7839911260000463],[125.57926045600004,8.7838777780000328],[125.57868427000005,8.7837644290000298],[125.57820253900002,8.7835566240000276],[125.57738076400005,8.7833393730000466],[125.57704071800003,8.7832165790000545],[125.57637007400001,8.7830560020000235],[125.57591668100008,8.7829048700000385],[125.57547273300008,8.7826876190000576],[125.57500044900007,8.7824987060000694],[125.57467929500001,8.7822625640000638],[125.57427313000005,8.7819603020000727],[125.57389530300009,8.7816202560000534],[125.57355525700007,8.7812802110000234],[125.57347024600006,8.7811007430000245],[125.57329077700001,8.7807418070000267],[125.57313964600007,8.780430099000057],[125.57308297300006,8.7799200310000742],[125.57311131000006,8.7794383010000274],[125.57324354900004,8.7788810050000734],[125.57327188600004,8.7786259710000536],[125.57341357200005,8.7781253500000389],[125.5735647030001,8.7777475210000375],[125.5739236390001,8.7773508020000577],[125.57435814100006,8.7767935070000362],[125.57476430600002,8.7764440160000277],[125.57503823100001,8.776018959000055],[125.57534049300011,8.7757261430000426],[125.57562386400002,8.7754805550000583],[125.57601113800001,8.775112173000025],[125.57633229200007,8.7747721280000519],[125.57679513000005,8.7742242780000765],[125.57732408900006,8.7737708850000331],[125.57768302600005,8.7733836100000531],[125.57798528800004,8.7729396630000451],[125.57824032100007,8.7725618350000332],[125.57867482300003,8.7721934530000567],[125.57894874900012,8.7719478650000724],[125.5795532730001,8.7714377980000222],[125.5809804810001,8.7699996270000611],[125.58161972400001,8.7694467800000666],[125.58273343400003,8.768302133000077],[125.58329210800002,8.7676456050000411],[125.58354551500008,8.7672967010000207],[125.58393166400003,8.7666440370000487],[125.58425747500007,8.7660165480000387],[125.59688913000002,8.7718156010000712],[125.59752770600005,8.7722663610000495],[125.59794090200012,8.7729800640000235],[125.59797846600009,8.7737313300000324],[125.5977906490001,8.7741069630000652],[125.59733989000006,8.7746328500000459],[125.59685156600005,8.7747455390000368],[125.59632568000006,8.7748206660000392],[125.59564954000007,8.7752338620000501],[125.59542416000011,8.7758348750000437],[125.59572466700001,8.7764358890000267],[125.59664712100005,8.7771791040000267],[125.59704144800003,8.777529616000038],[125.60164192500008,8.7791945500000566],[125.6024743910001,8.7791945500000566],[125.60435839600007,8.7790631090000488],[125.6053661200001,8.778624968000031],[125.60668054100006,8.7780553850000729],[125.60817021900004,8.7774858020000579],[125.60922175600001,8.7768285910000259],[125.61022948000004,8.7768724050000628],[125.61114957500001,8.7770476620000295],[125.61616048300004,8.7787599230000524],[125.62247891400011,8.7738262730000542],[125.62417190300005,8.7736078230000771],[125.62865013100009,8.7707679710000548],[125.63034312000002,8.7690749820000633],[125.63236378500005,8.7662897420000263],[125.63312835900001,8.7645967540000242],[125.63345603500011,8.7627945390000264],[125.6325822340001,8.7588624360000722],[125.64219138400006,8.7589181910000207],[125.64093550000007,8.7698846050000725],[125.64034230200002,8.7703205710000702],[125.64012074600009,8.7704563630000507],[125.63982772100007,8.7708565930000759],[125.63937746200008,8.7710281200000395],[125.6389700850001,8.7711496190000275],[125.63866276500005,8.7712139410000418],[125.63841262100004,8.7714998200000309],[125.6383482980001,8.7718357280000419],[125.63819821200002,8.7720858720000479],[125.6378980400001,8.7724003380000681],[125.63765504300011,8.7727219510000509],[125.63769792500011,8.7731007400000749],[125.63784086400005,8.7734580890000302],[125.63816962400006,8.7736296160000506],[125.63828154000009,8.773856998000042],[125.63830082100003,8.773958149000066],[125.6382410440001,8.774107592000064],[125.63807964700004,8.7743646310000258],[125.63721886200005,8.7749205550000511],[125.65518744400003,8.7738832220000518],[125.65870644800009,8.7739302440000415],[125.65115882200007,8.8090278880000596]]]},"properties":{"objectid":15693,"gthcode":"8011602020950000","globalid":"{6B874656-9335-42C2-BD1D-C45DB94B4366}","st_area(shape)":0.0021423401675352035,"reg_name":"Region XIII (Caraga)","prov_name":"Agusan del Norte","city_name":"Butuan City","brgy_name":"Florida","reg_code":"160000000","prov_code":"160200000","city_code":"160202000","brgy_code":"160202095","psgc_10d":"1630400095","geographic_level":"Bgy","old_names":"","class":"Highly Urbanized Cities (HUC)","income_class":"","urban_rural2015":"R","bgypop2015":2507,"bgypop2020":2752,"bgyarea_sqkm":26.068863029999999,"gida":"Yes","gida_yr":"2023","st_perimeter(shape)":0.30072588565053382,"created_user":null,"created_date":null,"last_edited_user":"ADMIN2","last_edited_date":1748789466000}},{"type":"Feature","id":16254,"geometry":{"type":"Polygon","coordinates":[[[125.54327509000007,8.9433228310000459],[125.54260998200004,8.9433454190000248],[125.54151719200001,8.9433616790000769],[125.54109123300009,8.9436329020000471],[125.54088434000005,8.9435146760000634],[125.54037358400001,8.9434749840000336],[125.54037075700012,8.9434334470000749],[125.5403514090001,8.9428808480000725],[125.54024075700011,8.9421234480000749],[125.54019455200012,8.9419244040000763],[125.54007784700002,8.9413661470000534],[125.53993708600001,8.9407255540000392],[125.53980673700005,8.9400764250000293],[125.53966655400006,8.9393562660000612],[125.53958346900004,8.9388882630000239],[125.53950863700004,8.9384765810000317],[125.53954075700005,8.9380334470000662],[125.53958375600007,8.9375527660000671],[125.53959271700012,8.9374512110000524],[125.53961540400007,8.9372188840000604],[125.53962346000003,8.937132575000021],[125.53964500300003,8.9367587020000769],[125.53965885900004,8.9365764360000526],[125.5396680660001,8.9361261460000492],[125.53966841100009,8.936080506000053],[125.5396817620001,8.9356849720000469],[125.53967662500008,8.9352395970000771],[125.5396803540001,8.9342209610000509],[125.54283328100007,8.9365048830000546],[125.54288178500008,8.9365274030000705],[125.54334776700011,8.9367612600000257],[125.54372049700009,8.9370139960000756],[125.54542136800001,8.9378989140000726],[125.54489265000007,8.938690690000044],[125.54473182600009,8.9391102300000398],[125.54431228600004,8.9395787170000744],[125.54421246800007,8.9398877070000253],[125.54409552400011,8.9402499810000222],[125.5439556770001,8.9406625290000648],[125.5437808690001,8.9410820690000605],[125.54363402900003,8.9417673180000747],[125.5437808690001,8.9421379120000211],[125.54433326300011,8.9423406900000373],[125.54491362700003,8.9424385830000688],[125.54552895300003,8.9427742150000427],[125.54582739000011,8.9430245010000249],[125.54486086600002,8.9432036440000502],[125.54399690300011,8.943235770000058],[125.54371431300001,8.9432726340000386],[125.54327509000007,8.9433228310000459]]]},"properties":{"objectid":16254,"gthcode":"8011602020430000","globalid":"{94C623C4-13A6-4EE1-AFF2-46D33C67E1B2}","st_area(shape)":3.4645380626296165e-05,"reg_name":"Region XIII (Caraga)","prov_name":"Agusan del Norte","city_name":"Butuan City","brgy_name":"Golden Ribbon Pob. (Bgy. 2)","reg_code":"160000000","prov_code":"160200000","city_code":"160202000","brgy_code":"160202043","psgc_10d":"1630400043","geographic_level":"Bgy","old_names":"Bgy. 2","class":"Highly Urbanized Cities (HUC)","income_class":"","urban_rural2015":"U","bgypop2015":3833,"bgypop2020":4622,"bgyarea_sqkm":0.42140866999999999,"gida":"No","gida_yr":null,"st_perimeter(shape)":0.028759043892130017,"created_user":null,"created_date":null,"last_edited_user":"ADMIN2","last_edited_date":1748789492000}},{"type":"Feature","id":17077,"geometry":{"type":"Polygon","coordinates":[[[125.53903284800003,8.9576218080000558],[125.53794254500008,8.9579268920000459],[125.53715232600007,8.9581519540000727],[125.5358307570001,8.9585434480000572],[125.5353807570001,8.95867344800007],[125.53513205800004,8.959156268000072],[125.53513188500006,8.959156604000043],[125.53480895900009,8.959788417000027],[125.53480877400011,8.9597887820000324],[125.53451287000007,8.960374373000036],[125.53401554700008,8.9601006860000325],[125.53062877600007,8.9599540180000758],[125.52969075700003,8.9599134470000763],[125.52924075700003,8.9598334470000509],[125.52810332800004,8.9596158730000752],[125.52821278900001,8.95852564300003],[125.52844226900004,8.9582968670000582],[125.52820690600004,8.9583366450000312],[125.52799307700002,8.9583727860000408],[125.52723303000005,8.9584483200000591],[125.52746833300012,8.9578543790000253],[125.52749741500008,8.9577809760000378],[125.5276059360001,8.957507056000054],[125.52767075600002,8.9573434480000742],[125.52797075700005,8.9563934480000285],[125.52812075600002,8.9559434480000277],[125.52821962600001,8.9556798000000413],[125.52857075700001,8.9547434480000447],[125.52944756600004,8.9543607220000467],[125.52978075700003,8.9542134480000755],[125.53303981300007,8.9554556610000304],[125.53399748700008,8.9562993930000516],[125.53426075700008,8.9559634480000341],[125.53514075600003,8.9565934480000351],[125.53579629900003,8.9567925370000694],[125.53759100400009,8.9572557980000624],[125.53903284800003,8.9576218080000558]]]},"properties":{"objectid":17077,"gthcode":"8011602020470000","globalid":"{5CB1C24D-CA61-4FA9-80EC-8EDC54CCD22A}","st_area(shape)":3.8575064014709389e-05,"reg_name":"Region XIII (Caraga)","prov_name":"Agusan del Norte","city_name":"Butuan City","brgy_name":"Holy Redeemer Pob. (Bgy. 23)","reg_code":"160000000","prov_code":"160200000","city_code":"160202000","brgy_code":"160202047","psgc_10d":"1630400047","geographic_level":"Bgy","old_names":"Bgy. 23","class":"Highly Urbanized Cities (HUC)","income_class":"","urban_rural2015":"U","bgypop2015":7267,"bgypop2020":8726,"bgyarea_sqkm":0.46918459000000001,"gida":"No","gida_yr":null,"st_perimeter(shape)":0.030421817803598393,"created_user":null,"created_date":null,"last_edited_user":"ADMIN2","last_edited_date":1748789492000}},{"type":"Feature","id":17118,"geometry":{"type":"Polygon","coordinates":[[[125.54570178800009,8.9496775730000309],[125.54538567200007,8.9502676570000403],[125.5453011510001,8.950414361000071],[125.5437040600001,8.950231580000036],[125.54352988000005,8.9501381200000765],[125.54307177800001,8.9501108920000547],[125.54235874500012,8.9501346140000351],[125.54164367900012,8.9501732480000555],[125.54087465300006,8.9502116430000456],[125.54078878500002,8.9492288280000594],[125.54075667900008,8.9488603560000684],[125.54153549000011,8.9487978490000728],[125.54157358500004,8.9493044560000499],[125.54228704400009,8.9493730010000263],[125.54301006300011,8.9494653520000611],[125.54369769600009,8.9495531560000359],[125.54396001700002,8.9495865720000438],[125.54570178800009,8.9496775730000309]]]},"properties":{"objectid":17118,"gthcode":"8011602020480000","globalid":"{F09A9D37-552E-4577-B3C3-98291C3C64E7}","st_area(shape)":3.8470317216993967e-06,"reg_name":"Region XIII (Caraga)","prov_name":"Agusan del Norte","city_name":"Butuan City","brgy_name":"Humabon Pob. (Bgy. 11)","reg_code":"160000000","prov_code":"160200000","city_code":"160202000","brgy_code":"160202048","psgc_10d":"1630400048","geographic_level":"Bgy","old_names":"Bgy. 11","class":"Highly Urbanized Cities (HUC)","income_class":"","urban_rural2015":"U","bgypop2015":137,"bgypop2020":139,"bgyarea_sqkm":0.046792030000000005,"gida":"No","gida_yr":null,"st_perimeter(shape)":0.012095571567849243,"created_user":null,"created_date":null,"last_edited_user":"ADMIN2","last_edited_date":1748789492000}},{"type":"Feature","id":17489,"geometry":{"type":"Polygon","coordinates":[[[125.53082075700001,8.9486534480000728],[125.53058584400003,8.9493717870000751],[125.53029727900002,8.950155513000027],[125.52741250600002,8.9494242020000456],[125.52790306000009,8.9478117870000347],[125.52875075700001,8.9443834480000532],[125.52843075700002,8.9443134480000595],[125.5268309170001,8.9440805320000436],[125.52769075600008,8.9404734480000343],[125.52854228100011,8.9370929520000573],[125.53064500900007,8.9374786850000305],[125.53234627900008,8.9382758060000356],[125.53234255200005,8.9387740490000738],[125.53233075700007,8.9390134480000256],[125.53231098700007,8.9390660260000345],[125.53154258300003,8.9407042240000578],[125.53225784800009,8.9409032080000657],[125.53351409300001,8.9413414780000267],[125.53250390200003,8.9440803710000409],[125.53196221500002,8.94560021500007],[125.53192363000005,8.9457087900000261],[125.53088052800001,8.9484937900000432],[125.53082075700001,8.9486534480000728]]]},"properties":{"objectid":17489,"gthcode":"8011602020370000","globalid":"{163D7B14-6A33-4F31-AFCD-6502431C0EC7}","st_area(shape)":5.167036171313099e-05,"reg_name":"Region XIII (Caraga)","prov_name":"Agusan del Norte","city_name":"Butuan City","brgy_name":"Imadejas Pob. (Bgy. 24)","reg_code":"160000000","prov_code":"160200000","city_code":"160202000","brgy_code":"160202037","psgc_10d":"1630400037","geographic_level":"Bgy","old_names":"Bgy. 24","class":"Highly Urbanized Cities (HUC)","income_class":"","urban_rural2015":"U","bgypop2015":1954,"bgypop2020":2198,"bgyarea_sqkm":0.62848539000000003,"gida":"No","gida_yr":null,"st_perimeter(shape)":0.035407907658273903,"created_user":null,"created_date":null,"last_edited_user":"ADMIN2","last_edited_date":1748789492000}},{"type":"Feature","id":18059,"geometry":{"type":"Polygon","coordinates":[[[125.54037358400001,8.9434749840000336],[125.53973011900007,8.9435304020000217],[125.53756025300004,8.9436896860000275],[125.53715147800006,8.9437336360000472],[125.53721583000004,8.9426740160000691],[125.53669811100008,8.9424946670000622],[125.53539893900006,8.9419987040000706],[125.53533709800001,8.9419759390000308],[125.53489240100009,8.9418137070000512],[125.53447269200001,8.9416642920000413],[125.53351409300001,8.9413414780000267],[125.53225784800009,8.9409032080000657],[125.53154258300003,8.9407042240000578],[125.53231098700007,8.9390660260000345],[125.53233075700007,8.9390134480000256],[125.53234255200005,8.9387740490000738],[125.53234627900008,8.9382758060000356],[125.53438467300009,8.9390028950000442],[125.53452039600006,8.9386229370000478],[125.53510754000001,8.9370823580000547],[125.53531204300009,8.936570161000077],[125.53543717100001,8.9362206310000261],[125.53563991200008,8.9356437080000433],[125.53581857600011,8.9351738870000759],[125.53700740700003,8.9352169900000717],[125.53792917700002,8.9352457960000606],[125.53967662500008,8.9352395970000771],[125.5396817620001,8.9356849720000469],[125.53966841100009,8.936080506000053],[125.5396680660001,8.9361261460000492],[125.53965885900004,8.9365764360000526],[125.53964500300003,8.9367587020000769],[125.53962346000003,8.937132575000021],[125.53961540400007,8.9372188840000604],[125.53959271700012,8.9374512110000524],[125.53958375600007,8.9375527660000671],[125.53954075700005,8.9380334470000662],[125.53950863700004,8.9384765810000317],[125.53958346900004,8.9388882630000239],[125.53966655400006,8.9393562660000612],[125.53980673700005,8.9400764250000293],[125.53993708600001,8.9407255540000392],[125.54007784700002,8.9413661470000534],[125.54019455200012,8.9419244040000763],[125.54024075700011,8.9421234480000749],[125.5403514090001,8.9428808480000725],[125.54037075700012,8.9434334470000749],[125.54037358400001,8.9434749840000336]]]},"properties":{"objectid":18059,"gthcode":"8011602020450000","globalid":"{ECE147A5-9746-4A3B-9C34-BC56D62ED0C1}","st_area(shape)":4.520618647745052e-05,"reg_name":"Region XIII (Caraga)","prov_name":"Agusan del Norte","city_name":"Butuan City","brgy_name":"Jose Rizal Pob. (Bgy. 25)","reg_code":"160000000","prov_code":"160200000","city_code":"160202000","brgy_code":"160202045","psgc_10d":"1630400045","geographic_level":"Bgy","old_names":"Bgy. 25","class":"Highly Urbanized Cities (HUC)","income_class":"","urban_rural2015":"U","bgypop2015":5036,"bgypop2020":4908,"bgyarea_sqkm":0.54986484000000002,"gida":"No","gida_yr":null,"st_perimeter(shape)":0.031341594477148974,"created_user":null,"created_date":null,"last_edited_user":"ADMIN2","last_edited_date":1748789492000}},{"type":"Feature","id":18875,"geometry":{"type":"Polygon","coordinates":[[[125.52487491300008,8.9222439930000519],[125.5178765930001,8.9230584520000207],[125.51634075600009,8.9233134480000444],[125.51664075700012,8.9229434480000691],[125.51677075600003,8.9225534480000306],[125.51701075700009,8.9207334470000319],[125.51672214100006,8.920575197000062],[125.51660969400007,8.9205216820000715],[125.51658215100008,8.9204363900000772],[125.51640772600001,8.9200805640000453],[125.51603097000009,8.9197177610000722],[125.51588445300001,8.9195293830000537],[125.51587049900002,8.9193968200000313],[125.51614260100007,8.9187270310000599],[125.51617050900006,8.9185735380000324],[125.51608678500008,8.9172897740000394],[125.51601701600009,8.9171711650000702],[125.51582166100002,8.9170944190000228],[125.51527745600004,8.9169688330000554],[125.51508210000009,8.9168920870000647],[125.51448905800009,8.9154059900000675],[125.5144681270001,8.9151757500000599],[125.51496349200011,8.9140245500000219],[125.51511000900007,8.9138152400000763],[125.5158955930001,8.9130873410000504],[125.51438675800011,8.898116266000045],[125.51405395000006,8.8950006170000506],[125.52714794700012,8.8945365980000588],[125.52749381700005,8.8945912100000442],[125.52806846400006,8.894581573000039],[125.52856378000001,8.8947195090000264],[125.52881457400008,8.8948386350000419],[125.52904028800003,8.8948637150000422],[125.52936004900005,8.8946881600000438],[125.5301813960001,8.8941865740000594],[125.53049488800002,8.8940549070000543],[125.53063909400009,8.8941301450000765],[125.53166297700011,8.8946889320000651],[125.53378337600009,8.8961828450000553],[125.53697371900012,8.8983086610000441],[125.53823930300007,8.8983613930000729],[125.53952598100011,8.8983719400000609],[125.54031074200009,8.898378560000026],[125.54029148100005,8.903730706000033],[125.54028009700005,8.9062832050000225],[125.54020650200005,8.9117183660000592],[125.54011001300012,8.9119336080000267],[125.5400061040001,8.9122156490000748],[125.53996899300012,8.9124754230000462],[125.5399541490001,8.9127426190000278],[125.53985766200003,8.9130840370000328],[125.53984281800001,8.9133289670000408],[125.5397760190001,8.9136184300000423],[125.53972406300011,8.9138559380000402],[125.53966468600004,8.9141231340000218],[125.53962757600004,8.9143532210000558],[125.53956819900009,8.9145981500000744],[125.53947913400009,8.9149247240000591],[125.53940491300011,8.9151844980000305],[125.53936037900007,8.9154591170000685],[125.53930100200012,8.9158005340000273],[125.53923420300009,8.9160899970000287],[125.53920451500005,8.9162978170000429],[125.53913771600003,8.9165798570000447],[125.5391080280001,8.9167876760000695],[125.53902638400007,8.9170251850000568],[125.53898927300008,8.9172255810000252],[125.53887794100001,8.9177748190000443],[125.53875918800009,8.9180939700000295],[125.5386701220001,8.9184057000000507],[125.53853652400005,8.9186432070000592],[125.5383880820001,8.9189104040000302],[125.53820252800006,8.9191850230000682],[125.53803182000001,8.9194967520000432],[125.53786111000011,8.9197713700000349],[125.53761618100009,8.9200534110000262],[125.5373860950001,8.9203428740000277],[125.53725249700005,8.9205210040000225],[125.53709663200004,8.9206768690000331],[125.53691107900011,8.9208624220000274],[125.53671810300011,8.9209960210000645],[125.53653255100005,8.9212038400000324],[125.53637668600004,8.9213374380000232],[125.53619855500006,8.9214710360000709],[125.53599815700011,8.9216120560000718],[125.53575625200006,8.9218421420000595],[125.53554843200004,8.9220054290000235],[125.53525372800004,8.9222657730000492],[125.53482251700007,8.9222586850000312],[125.52487491300008,8.9222439930000519]]]},"properties":{"objectid":18875,"gthcode":"8011602020490000","globalid":"{76179AEF-4DD9-4BE1-9136-D9E027C89DDB}","st_area(shape)":0.00065496302861948639,"reg_name":"Region XIII (Caraga)","prov_name":"Agusan del Norte","city_name":"Butuan City","brgy_name":"Kinamlutan","reg_code":"160000000","prov_code":"160200000","city_code":"160202000","brgy_code":"160202049","psgc_10d":"1630400049","geographic_level":"Bgy","old_names":"","class":"Highly Urbanized Cities (HUC)","income_class":"","urban_rural2015":"R","bgypop2015":3097,"bgypop2020":3690,"bgyarea_sqkm":7.9672929100000003,"gida":"Yes","gida_yr":"2023","st_perimeter(shape)":0.10266083351425256,"created_user":null,"created_date":null,"last_edited_user":"ADMIN2","last_edited_date":1748789466000}},{"type":"Feature","id":19865,"geometry":{"type":"Polygon","coordinates":[[[125.53868075700007,8.9477734480000208],[125.53831090200003,8.9477934390000655],[125.53831075700009,8.9477934430000232],[125.53784075700003,8.9477934480000272],[125.53757075700003,8.9477734480000208],[125.53713769900003,8.9476219510000305],[125.53627787800008,8.9473260350000601],[125.53435075700008,8.9465434480000567],[125.53196221500002,8.94560021500007],[125.53250390200003,8.9440803710000409],[125.5338316970001,8.9446372420000557],[125.53430774700007,8.9448093950000498],[125.53480079600001,8.9458446160000449],[125.53567145600005,8.946279946000061],[125.53592405500001,8.9461617090000232],[125.53654749000009,8.946349815000076],[125.53760075700006,8.9458834480000746],[125.5379907570001,8.9458834480000746],[125.53860075700004,8.9458134470000346],[125.53860075700004,8.9461634470000604],[125.53870075700002,8.9465434480000567],[125.53874075700003,8.9469534480000448],[125.53868075700007,8.9477734480000208]]]},"properties":{"objectid":19865,"gthcode":"8011602020510000","globalid":"{797AC6B3-32D5-4E50-A563-906146A70409}","st_area(shape)":9.4689061674316591e-06,"reg_name":"Region XIII (Caraga)","prov_name":"Agusan del Norte","city_name":"Butuan City","brgy_name":"Lapu-lapu Pob. (Bgy. 8)","reg_code":"160000000","prov_code":"160200000","city_code":"160202000","brgy_code":"160202051","psgc_10d":"1630400051","geographic_level":"Bgy","old_names":"Bgy. 8","class":"Highly Urbanized Cities (HUC)","income_class":"","urban_rural2015":"U","bgypop2015":1135,"bgypop2020":1458,"bgyarea_sqkm":0.11517285000000001,"gida":"No","gida_yr":null,"st_perimeter(shape)":0.017870084809515015,"created_user":null,"created_date":null,"last_edited_user":"ADMIN2","last_edited_date":1748789493000}},{"type":"Feature","id":20080,"geometry":{"type":"Polygon","coordinates":[[[125.60556626000005,8.9446378690000756],[125.60392344700006,8.9534561390000249],[125.60157090000007,8.9530249490000529],[125.59776735100002,8.9523917070000607],[125.59265637700003,8.9514810790000752],[125.58917916000007,8.9507618440000556],[125.59007768300012,8.9462397730000589],[125.58433498200009,8.9453380610000295],[125.58299039200006,8.9450520980000761],[125.58223351200002,8.9447367040000358],[125.58176841300008,8.9445320600000287],[125.5812986630001,8.9442948590000242],[125.5806707800001,8.9438669690000552],[125.58030800300003,8.9435646550000456],[125.57961647400009,8.942940199000077],[125.57925222300003,8.9424638710000295],[125.57894401200008,8.9421416500000532],[125.57872013700012,8.9416690940000763],[125.57824080600005,8.9406177030000435],[125.57736948100012,8.9381684290000294],[125.58644090900009,8.9320105120000335],[125.59341199100004,8.9243004270000483],[125.59945781300007,8.934315396000045],[125.60561587200004,8.9439452780000579],[125.60569649600006,8.9440444400000274],[125.60556626000005,8.9446378690000756]]]},"properties":{"objectid":20080,"gthcode":"8011602020520000","globalid":"{56345DCD-3043-407F-A9D8-F53569ACE084}","st_area(shape)":0.0004402060043150487,"reg_name":"Region XIII (Caraga)","prov_name":"Agusan del Norte","city_name":"Butuan City","brgy_name":"Lemon","reg_code":"160000000","prov_code":"160200000","city_code":"160202000","brgy_code":"160202052","psgc_10d":"1630400052","geographic_level":"Bgy","old_names":"","class":"Highly Urbanized Cities (HUC)","income_class":"","urban_rural2015":"R","bgypop2015":1871,"bgypop2020":2017,"bgyarea_sqkm":5.3544239000000005,"gida":"No","gida_yr":null,"st_perimeter(shape)":0.090322402738093444,"created_user":null,"created_date":null,"last_edited_user":"ADMIN2","last_edited_date":1748789493000}},{"type":"Feature","id":20095,"geometry":{"type":"Polygon","coordinates":[[[125.5453011510001,8.950414361000071],[125.54510468000001,8.9507664180000575],[125.5448026140001,8.9512792280000326],[125.54468853600008,8.9515495430000556],[125.54457951200004,8.9517968500000507],[125.54447771900004,8.9520797240000434],[125.5426704140001,8.9517676000000392],[125.54275777900011,8.9516035210000382],[125.54247498700011,8.9515933060000634],[125.54236790200002,8.9515924340000765],[125.54177075600012,8.9515934480000396],[125.54098655100006,8.9516099640000562],[125.54093075500009,8.9508634470000743],[125.54089517000011,8.9504464720000669],[125.54087465300006,8.9502116430000456],[125.54164367900012,8.9501732480000555],[125.54235874500012,8.9501346140000351],[125.54307177800001,8.9501108920000547],[125.54352988000005,8.9501381200000765],[125.5437040600001,8.950231580000036],[125.5453011510001,8.950414361000071]]]},"properties":{"objectid":20095,"gthcode":"8011602020530000","globalid":"{404F87EA-325C-439B-9B43-AD6285A53940}","st_area(shape)":6.2737085227867877e-06,"reg_name":"Region XIII (Caraga)","prov_name":"Agusan del Norte","city_name":"Butuan City","brgy_name":"Leon Kilat Pob. (Bgy. 13)","reg_code":"160000000","prov_code":"160200000","city_code":"160202000","brgy_code":"160202053","psgc_10d":"1630400053","geographic_level":"Bgy","old_names":"Bgy. 13","class":"Highly Urbanized Cities (HUC)","income_class":"","urban_rural2015":"U","bgypop2015":163,"bgypop2020":180,"bgyarea_sqkm":0.076307820000000012,"gida":"No","gida_yr":null,"st_perimeter(shape)":0.011520604408547117,"created_user":null,"created_date":null,"last_edited_user":"ADMIN2","last_edited_date":1748789493000}},{"type":"Feature","id":20235,"geometry":{"type":"Polygon","coordinates":[[[125.51384155300002,8.9536503290000269],[125.51374670900009,8.9524740230000361],[125.51367683800004,8.9523914490000607],[125.51359038200007,8.9523363990000462],[125.51265595500001,8.9523476920000462],[125.5115803760001,8.9521274950000702],[125.51145616200006,8.9521105560000365],[125.51128960300002,8.9521585480000567],[125.51078749700002,8.9521950100000254],[125.50942357200006,8.9522940540000491],[125.5086387660001,8.9523363990000462],[125.50764223200008,8.952254531000051],[125.50744462000011,8.9521811320000211],[125.50685178000003,8.9513935030000766],[125.50669933600011,8.9513059890000477],[125.50660335200007,8.9512834050000265],[125.50595740400001,8.9515490900000714],[125.50462722300006,8.9520992640000259],[125.50449736300004,8.9521952480000664],[125.50419247400009,8.9526017660000434],[125.50371538000002,8.9535333700000592],[125.50350647500011,8.9536688750000621],[125.50323546300001,8.9538382580000757],[125.50302938100003,8.9539540030000353],[125.50215988400009,8.9540499860000295],[125.50197074000005,8.9540782170000739],[125.50176183500002,8.9541996080000672],[125.50092056900007,8.9552751870000407],[125.50050840400002,8.9556252440000321],[125.50040677400011,8.9557551040000476],[125.50027691500009,8.9559753010000236],[125.5001922240001,8.9564128730000334],[125.50018657700002,8.9567375230000721],[125.50009059400008,8.9569379590000722],[125.49990427400007,8.9571581560000482],[125.49963890700008,8.9573472990000482],[125.49880046400006,8.9574715140000762],[125.49811164200003,8.9575731430000474],[125.49777569900004,8.9577227650000282],[125.49759502400002,8.9578639170000542],[125.49644370300007,8.9580663470000559],[125.49503404300003,8.958144662000052],[125.49366354000006,8.9578314040000464],[125.49233219300004,8.9572832030000313],[125.49217556500003,8.9565392150000207],[125.49197977900008,8.9556777570000463],[125.49154904900001,8.9547771400000329],[125.49077338300003,8.952689613000075],[125.49070454600007,8.9525046140000768],[125.4906787330001,8.9523540330000628],[125.49066174300003,8.9520967010000732],[125.4905969890001,8.9519195010000772],[125.49054536100004,8.9517517100000532],[125.49048943100001,8.9516097350000337],[125.49045071100011,8.9514462470000353],[125.49043780400007,8.9513300850000519],[125.49039478100008,8.9511881090000429],[125.49040768700002,8.9510289240000702],[125.49042059400006,8.9509170630000767],[125.49044640900001,8.9507621810000728],[125.49048512900004,8.9506072980000226],[125.49054536100004,8.9504266010000606],[125.49058408200005,8.950280322000026],[125.49057117500001,8.950146951000022],[125.49058408200005,8.9499920680000287],[125.49058838500002,8.9498070700000767],[125.49064431400006,8.9496306750000372],[125.49064431400006,8.9494026530000497],[125.49071315100002,8.9492219560000308],[125.49076477800008,8.9489681200000746],[125.4908422200001,8.9487573070000508],[125.49089384800004,8.9485895170000731],[125.49094117300001,8.9483916110000337],[125.49099280100006,8.9482281240000248],[125.49104873100009,8.9480173110000578],[125.49112617300011,8.9477591730000654],[125.49123803200007,8.9474752210000474],[125.49128966000001,8.9472687100000599],[125.49137140400001,8.9470234790000518],[125.49145314700002,8.9468384790000641],[125.49147896200009,8.9466749920000552],[125.49142303100007,8.9464641790000314],[125.49133698600008,8.9462834830000588],[125.4912939620001,8.9460554600000251],[125.4911691960001,8.9458403450000219],[125.49110466100001,8.9456209280000394],[125.49102722000009,8.9454144170000518],[125.49091966200001,8.9451863950000643],[125.49080780200006,8.944906746000072],[125.49070454600007,8.9446701190000226],[125.49061419900011,8.9444894210000712],[125.49053245500011,8.944282911000073],[125.49042059400006,8.943998959000055],[125.49033454800008,8.9438096580000206],[125.49025710700005,8.9436031480000224],[125.49016245700011,8.9433794280000711],[125.49007641000003,8.9431901260000473],[125.49003338700004,8.9430094300000746],[125.48996455000008,8.9427771050000615],[125.48991722500011,8.9425835020000477],[125.48990431800007,8.94239850200006],[125.48982257400007,8.9421575730000313],[125.48976664400004,8.9419510620000437],[125.48971501700009,8.9417574590000299],[125.48965048200012,8.9415294370000424],[125.48962897100012,8.9413229270000443],[125.48956873900011,8.9411121140000205],[125.48953001700011,8.940884092000033],[125.48952141400002,8.9407206040000347],[125.48949990200003,8.9405700230000207],[125.48953862200005,8.9403807220000431],[125.48960745900001,8.9401570020000349],[125.48972792400002,8.9399677000000679],[125.48994303900008,8.9399677000000679],[125.49016245700011,8.9399375850000524],[125.4904119900001,8.939946189000068],[125.49063571000011,8.9399418870000318],[125.49087663900002,8.9399332820000268],[125.49114338100003,8.9398988640000425],[125.49130686900003,8.9398472360000483],[125.49148756600005,8.9398171200000434],[125.49178428800008,8.9398082690000251],[125.49184035500002,8.9396880510000756],[125.49189972300007,8.9396239890000402],[125.4919694240001,8.9395546800000716],[125.49200814400001,8.9393696810000733],[125.49199523800007,8.9391717740000445],[125.49199954000005,8.9389781710000307],[125.49201244700009,8.9387630560000275],[125.4920246370001,8.9386246760000745],[125.49202965600011,8.93851782400003],[125.49203395800009,8.9382467790000533],[125.49202105100005,8.9380144550000296],[125.49200814400001,8.937816549000047],[125.49196081900004,8.9376616660000536],[125.49187907500004,8.9375067830000603],[125.49178405500004,8.9372960840000246],[125.49177151800006,8.9372701560000678],[125.49168117000011,8.937067948000049],[125.4915822160001,8.9368872520000764],[125.49146605500005,8.9367022520000319],[125.49132999700009,8.9364978250000604],[125.49122512500003,8.936319347000051],[125.49112187000003,8.9360698140000636],[125.49103582400005,8.9359020240000291],[125.49093256900005,8.9356869090000259],[125.49077338300003,8.935458886000049],[125.4906787330001,8.9351964460000204],[125.49059268700012,8.934994237000069],[125.49046361800004,8.9347748210000759],[125.49031734000005,8.9345080770000322],[125.49021408400006,8.9343230790000234],[125.49009362000004,8.9340993590000721],[125.4900635030001,8.9339229640000326],[125.49003338700004,8.9337723830000755],[125.4900635030001,8.9334238970000683],[125.48821009500011,8.9321231160000707],[125.48819346300002,8.9321080110000253],[125.48818618200005,8.9321045170000275],[125.48112325800003,8.9178555160000315],[125.48733662800009,8.9172276630000624],[125.49568528100008,8.928439122000043],[125.49581257200009,8.9285181230000603],[125.49600836800005,8.9287356740000519],[125.49605730300004,8.9288265350000415],[125.49607957000001,8.9289471520000347],[125.49606658100004,8.9293034330000296],[125.49602805600011,8.9294860340000355],[125.49601487900009,8.9296177970000485],[125.49603855900011,8.9297923970000284],[125.4961040070001,8.9298578460000613],[125.49623490500005,8.929937839000047],[125.49682394300009,8.9304977890000714],[125.49703483300004,8.9307159510000247],[125.49729662800007,8.9310141060000205],[125.49770386500006,8.9313486210000406],[125.49787112200011,8.9315376960000208],[125.49799474800011,8.9317049530000645],[125.49814746200002,8.9319740210000305],[125.49819109400005,8.9320685570000364],[125.4982783590001,8.9321267340000645],[125.49836562400003,8.932155822000027],[125.49862014600001,8.932155822000027],[125.49872195600005,8.9321921830000406],[125.49882376400001,8.9322503590000224],[125.49938371500002,8.9328103090000468],[125.49947097900008,8.9328830300000277],[125.49950006800009,8.9329775670000231],[125.49950006800009,8.9331011920000378],[125.49948552300009,8.9332611780000661],[125.49941280200005,8.9334938850000754],[125.49939825800004,8.9335956930000293],[125.49961642000005,8.9342356370000289],[125.49969641300004,8.9345410640000296],[125.49972550200005,8.9346646900000337],[125.49972550200005,8.9348028590000581],[125.49971095800004,8.9349992050000537],[125.50648643200009,8.9403336900000454],[125.50657261100002,8.940525525000055],[125.50664186100005,8.9406790900000601],[125.50670697200007,8.9409585670000524],[125.50977770200006,8.9397023090000403],[125.51224699000011,8.9387145930000429],[125.51304081400008,8.93848100200006],[125.51355075700008,8.9383734480000498],[125.51412024400008,8.938305883000055],[125.51521013700005,8.9381696460000626],[125.51606161600012,8.9382207350000726],[125.51693012400006,8.9383229120000465],[125.51772883900003,8.9384412450000355],[125.51803704700001,8.9384932090000575],[125.51856496300002,8.9386805340000706],[125.51986075700006,8.9393634480000514],[125.5196207570001,8.9430534480000574],[125.51950456600002,8.9438531470000271],[125.51939075700011,8.944663447000039],[125.5192220460001,8.9457975200000419],[125.51894515800007,8.9477014090000466],[125.51868075600009,8.9494834480000236],[125.51865409300001,8.9496130400000311],[125.51853075700001,8.9502134480000564],[125.51507255900003,8.9533783610000341],[125.51489450100007,8.9535016330000303],[125.5147301400001,8.953542723000055],[125.51393572600011,8.9535838130000229],[125.51384155300002,8.9536503290000269]]]},"properties":{"objectid":20235,"gthcode":"8011602020540000","globalid":"{674ECF37-5813-45F5-A2D4-C90653A50C28}","st_area(shape)":0.00062353813504515939,"reg_name":"Region XIII (Caraga)","prov_name":"Agusan del Norte","city_name":"Butuan City","brgy_name":"Libertad","reg_code":"160000000","prov_code":"160200000","city_code":"160202000","brgy_code":"160202054","psgc_10d":"1630400054","geographic_level":"Bgy","old_names":"","class":"Highly Urbanized Cities (HUC)","income_class":"","urban_rural2015":"U","bgypop2015":21703,"bgypop2020":25296,"bgyarea_sqkm":7.58436062,"gida":"No","gida_yr":null,"st_perimeter(shape)":0.14049886243658885,"created_user":null,"created_date":null,"last_edited_user":"ADMIN2","last_edited_date":1748789493000}},{"type":"Feature","id":20465,"geometry":{"type":"Polygon","coordinates":[[[125.53725754100003,8.9536452150000514],[125.53722075700011,8.9538634480000496],[125.53707075600005,8.9543134480000504],[125.53686075700011,8.9547234480000384],[125.5366407570001,8.9549634480000577],[125.53575249400001,8.955928694000022],[125.53514075600003,8.9565934480000351],[125.53426075700008,8.9559634480000341],[125.53399748700008,8.9562993930000516],[125.53303981300007,8.9554556610000304],[125.52978075700003,8.9542134480000755],[125.5300707560001,8.9539334480000434],[125.53012075700008,8.9536034480000239],[125.5300707560001,8.9534334480000553],[125.52949075700008,8.9522734480000281],[125.52956075700001,8.9521034480000594],[125.52984629400009,8.951348246000066],[125.5302117760001,8.95038164500005],[125.53029727900002,8.950155513000027],[125.53058584400003,8.9493717870000751],[125.53082075700001,8.9486534480000728],[125.53218075700011,8.9491634480000357],[125.53420882400007,8.949937445000046],[125.53472349500009,8.9501344050000284],[125.53505093800004,8.950258821000034],[125.53569389100005,8.9504969770000571],[125.5362807570001,8.9507134480000445],[125.5366316730001,8.9508414280000466],[125.53673294400005,8.9504903560000457],[125.53787730300007,8.9506118820000324],[125.53868746900002,8.9506355120000762],[125.54089517000011,8.9504464720000669],[125.54093075500009,8.9508634470000743],[125.54098655100006,8.9516099640000562],[125.53766072000008,8.9516822650000449],[125.53757380700006,8.9521264410000754],[125.53741752700012,8.9528390750000426],[125.53725754100003,8.9536452150000514]]]},"properties":{"objectid":20465,"gthcode":"8011602020550000","globalid":"{13EEA244-37B5-45C6-BB6E-4C1DFBEE2C3D}","st_area(shape)":4.5233089778565508e-05,"reg_name":"Region XIII (Caraga)","prov_name":"Agusan del Norte","city_name":"Butuan City","brgy_name":"Limaha Pob. (Bgy. 14)","reg_code":"160000000","prov_code":"160200000","city_code":"160202000","brgy_code":"160202055","psgc_10d":"1630400055","geographic_level":"Bgy","old_names":"Bgy. 14","class":"Highly Urbanized Cities (HUC)","income_class":"","urban_rural2015":"U","bgypop2015":6301,"bgypop2020":5579,"bgyarea_sqkm":0.55017294000000005,"gida":"No","gida_yr":null,"st_perimeter(shape)":0.033287995519807205,"created_user":null,"created_date":null,"last_edited_user":"ADMIN2","last_edited_date":1748789493000}},{"type":"Feature","id":21017,"geometry":{"type":"Polygon","coordinates":[[[125.63909812300005,8.9925040910000575],[125.63827574000004,8.9937337500000467],[125.6379389550001,8.9942271800000526],[125.63776664500006,8.9945169720000422],[125.63770398800011,8.994689281000035],[125.63765699500004,8.9949164160000237],[125.63764916200012,8.9951983760000758],[125.63770398800011,8.9960442560000615],[125.63779014200009,8.9965376860000674],[125.63792746400009,8.9972905200000355],[125.63813079600004,8.9978190690000588],[125.63829501100008,8.9981965640000681],[125.63857708100011,8.9985726590000468],[125.63928982200002,8.9993692660000306],[125.63962304100005,8.9997749250000538],[125.63984035900012,9.0001950720000536],[125.64037596500009,9.0015225670000518],[125.64061570000001,9.0019475510000575],[125.64104068400002,9.0025468880000403],[125.6416836090001,9.0032116070000257],[125.64288228300006,9.0044429720000494],[125.64397740300001,9.0050115600000709],[125.64417136400004,9.0052308210000547],[125.6443062940001,9.0055512790000307],[125.64435689300001,9.00579583800004],[125.64439062500003,9.0062174930000651],[125.64434846000006,9.0065042180000319],[125.64417136400004,9.0068668410000328],[125.64410390000012,9.0071788650000713],[125.64408703400011,9.0076342520000594],[125.64419666400011,9.0080221750000646],[125.64425569500008,9.0083426320000513],[125.64433159300006,9.0084691290000478],[125.64438219100009,9.0086546560000329],[125.64455085400004,9.0091184770000723],[125.64484601200002,9.0096581950000427],[125.64529296500007,9.010240078000038],[125.64588328200011,9.0111002540000413],[125.64641456700008,9.0115978060000543],[125.64776074700001,9.0161359420000622],[125.65072799300003,9.0261388880000482],[125.63438044100008,9.0254555500000606],[125.60166094500005,9.0238803390000726],[125.58939242600002,9.0230615430000398],[125.58987593300003,9.0212936460000606],[125.59173581100004,9.0159837460000745],[125.5938165020001,9.0039077020000491],[125.59403736200011,9.0026435560000664],[125.59705373000008,9.0019347570000718],[125.60590926300006,8.9998199310000473],[125.62029133900012,8.9961109910000232],[125.63633471600008,8.9927953590000698],[125.63909812300005,8.9925040910000575]]]},"properties":{"objectid":21017,"gthcode":"8011602020560000","globalid":"{4698755A-BE33-4B0A-A87B-1EC7F5EBB624}","st_area(shape)":0.0014492945573549082,"reg_name":"Region XIII (Caraga)","prov_name":"Agusan del Norte","city_name":"Butuan City","brgy_name":"Los Angeles","reg_code":"160000000","prov_code":"160200000","city_code":"160202000","brgy_code":"160202056","psgc_10d":"1630400056","geographic_level":"Bgy","old_names":"","class":"Highly Urbanized Cities (HUC)","income_class":"","urban_rural2015":"U","bgypop2015":5234,"bgypop2020":5661,"bgyarea_sqkm":17.62505788,"gida":"No","gida_yr":null,"st_perimeter(shape)":0.16653068769128462,"created_user":null,"created_date":null,"last_edited_user":"ADMIN2","last_edited_date":1748789493000}},{"type":"Feature","id":21439,"geometry":{"type":"Polygon","coordinates":[[[125.52245136200008,9.0092767810000396],[125.52169888800006,9.0079746230000524],[125.52164138300009,9.0080042590000744],[125.52163388200006,9.0080116670000621],[125.52163388200006,9.0080215450000765],[125.52162388300007,9.0080536480000433],[125.52162388700003,9.0081623040000522],[125.52161888600006,9.0081697130000293],[125.52160638700002,9.0082116940000674],[125.52160138700003,9.0082215720000249],[125.52159138600007,9.0082265110000321],[125.52157138300004,9.0082314510000288],[125.52154888100006,9.0082413290000432],[125.52153388000011,9.0082561460000647],[125.52152888000012,9.0082635550000418],[125.52151888000003,9.008305536000023],[125.52151388000004,9.0083154140000374],[125.52151138000011,9.0083252920000518],[125.52150638000012,9.0083351700000662],[125.52149637900004,9.0083450480000238],[125.52144887400004,9.0083450500000595],[125.52143637300003,9.0083425810000222],[125.52135886400004,9.0083450530000277],[125.52135136300001,9.0083499920000349],[125.52134136200004,9.0083499930000244],[125.52132886100003,9.0083524630000511],[125.52128135600003,9.00835246500003],[125.52127135400008,9.0083475260000228],[125.52126135300011,9.0083450570000423],[125.52122634900002,9.0083450580000317],[125.52121634800005,9.0083499980000283],[125.52121634900004,9.0083598750000533],[125.52121884900009,9.0083697530000677],[125.52122885100005,9.0083796300000358],[125.52124135300005,9.0084092630000328],[125.52124635500002,9.0084290190000615],[125.52124635600001,9.0084537130000513],[125.52124885600006,9.0084635910000657],[125.52125385700003,9.0084709990000533],[125.52127136000001,9.0084858150000287],[125.52127886100004,9.0084956920000536],[125.52127886200003,9.0085179170000629],[125.52127636200009,9.0085277950000204],[125.52127136200011,9.0085376730000348],[125.52125136000006,9.0085426130000315],[125.52123385800007,9.0085524910000458],[125.52121385600003,9.0085673080000674],[125.52120385500007,9.0085722480000641],[125.52119135400005,9.008574718000034],[125.52117135200001,9.0085697790000268],[125.52116135000006,9.0085648410000658],[125.52115134900009,9.0085623720000285],[125.52113884800008,9.0085599030000481],[125.52112384600002,9.0085599040000375],[125.52109518600003,9.0085610070000257],[125.52106518300002,9.008578294000074],[125.52105768300009,9.0085881720000316],[125.52104768200002,9.0085955810000655],[125.52101518000006,9.0086449710000238],[125.52100518000009,9.0086647270000526],[125.52099268000006,9.0087067080000338],[125.5209826790001,9.0087264640000626],[125.52097267800002,9.0087289340000325],[125.52096017700001,9.0087289340000325],[125.52093017300001,9.0087116490000767],[125.52092017200005,9.0087116500000661],[125.52090017000012,9.0087215280000237],[125.52089516900003,9.0087264670000309],[125.52088266800001,9.0087338760000648],[125.52087516800009,9.0087412840000525],[125.52087266700005,9.0087412850000419],[125.52073920100008,9.0089009210000768],[125.52072920100011,9.0089206770000487],[125.52072170000008,9.0089280850000364],[125.52071670100008,9.0089577190000227],[125.52069670000003,9.0089947610000536],[125.52068669900007,9.0090021700000307],[125.52067419800005,9.0090046400000574],[125.52066169600005,9.0090046400000574],[125.52065419500002,9.0089972320000697],[125.52065169400009,9.0089898240000252],[125.52064419300007,9.0089774770000304],[125.52063669200004,9.0089725390000694],[125.52062669100007,9.0089700690000427],[125.52061418900007,9.0089700700000321],[125.52060418800011,9.0089725400000589],[125.52059918800012,9.0089799480000465],[125.52059918900011,9.0090021730000558],[125.52060419000009,9.0090219290000277],[125.52060419100007,9.0090342760000226],[125.52060169100002,9.009044154000037],[125.5205816890001,9.0090589710000586],[125.52057168800002,9.0090639100000658],[125.52055918700012,9.0090663800000357],[125.52054418500006,9.0090663810000251],[125.52050685600011,9.009098932000029],[125.5205068570001,9.0091211560000488],[125.52051185800008,9.0091310340000632],[125.52051186000006,9.0091828920000694],[125.52050936000012,9.0091927700000269],[125.52050436000002,9.0092001790000609],[125.52049435900005,9.0092075870000485],[125.52043435200005,9.0092075900000737],[125.52041935000011,9.0092100600000435],[125.5203846710001,9.0092546190000462],[125.52037217000009,9.0092669670000305],[125.52034216700008,9.0092817850000415],[125.52033216600012,9.0092891930000292],[125.52030966400002,9.0093015410000703],[125.5202896620001,9.0093064810000669],[125.52027966100002,9.0093114200000741],[125.52026465900008,9.0093114210000635],[125.52025465800011,9.009313890000044],[125.52023215500003,9.0093213000000674],[125.5202121530001,9.0093311780000249],[125.52020215300001,9.0093509340000537],[125.52019965300008,9.0093608120000681],[125.52020465400005,9.0093805670000506],[125.52021215600007,9.009390445000065],[125.52021465600001,9.0094003220000332],[125.52021215600007,9.0094077310000671],[125.52018965500008,9.0094497120000483],[125.52018215500004,9.0094595900000627],[125.5201671530001,9.0094744070000274],[125.52015715200002,9.0094818160000614],[125.52014715100006,9.0094842860000313],[125.52013965100002,9.0094892250000385],[125.52009714700012,9.0095336760000464],[125.52004714300006,9.0095608420000417],[125.52003464100005,9.0095657810000489],[125.52002464000009,9.009573190000026],[125.5200196400001,9.0095805990000599],[125.52000963900002,9.0095880070000476],[125.51999713800001,9.0096052940000391],[125.51998963800008,9.0096077630000764],[125.51996963600004,9.0096225810000306],[125.51989018000006,9.0096359180000718],[125.51987517900011,9.0096433270000489],[125.51986767800008,9.0096433270000489],[125.51985517600008,9.0096482660000561],[125.51984017400002,9.0096556750000332],[125.51983017300006,9.0096630840000671],[125.51981767300003,9.0096828400000391],[125.51981017200001,9.009690249000073],[125.51980267100009,9.0097025960000678],[125.51977767000005,9.0097495170000457],[125.51977267000007,9.0097717420000549],[125.51976766900009,9.0097816200000693],[125.51976767000008,9.0097865590000765],[125.51963516000001,9.0099915280000573],[125.51959015600005,9.0100483270000495],[125.51958265600001,9.0100532660000567],[125.51949793200004,9.0101304000000368],[125.51947292900002,9.0101402780000512],[125.51945292700009,9.0101501570000551],[125.51944292600001,9.0101526270000249],[125.51943042400001,9.0101600350000695],[125.51940792200003,9.0101699140000733],[125.51938541900006,9.0101773230000504],[125.51936791800006,9.0101896710000347],[125.51934791500003,9.010199549000049],[125.51929791100008,9.0102365930000587],[125.51928790900001,9.0102415320000659],[125.51927040800001,9.0102563490000307],[125.51920279700005,9.010326113000076],[125.51918029400008,9.0103532780000251],[125.51917279400004,9.0103557470000624],[125.51916529300001,9.0103631560000395],[125.51913529000001,9.0103804430000309],[125.51910528600001,9.010395261000042],[125.51909528500005,9.0103977310000687],[125.5190502800001,9.0104224270000373],[125.51899777400001,9.0104397140000287],[125.51896527100007,9.0104545320000398],[125.51895527000011,9.0104570020000665],[125.5189427680001,9.0104644110000436],[125.51890776500011,9.0104792290000546],[125.51885515700008,9.010527416000059],[125.51884515500001,9.0105348250000361],[125.51882515300008,9.0105397650000327],[125.51878764800006,9.0105372960000523],[125.51876264500004,9.0105323580000345],[125.51872764100005,9.0105323590000239],[125.51870763800002,9.0105372990000205],[125.5187001380001,9.0105471770000349],[125.51869513700001,9.0105570550000493],[125.51869013700002,9.0105768110000213],[125.5186826370001,9.0105866890000357],[125.51867263600002,9.0105916280000429],[125.5186478820001,9.0105817820000311],[125.51863885100011,9.0105817820000311],[125.5186343360001,9.0105750930000568],[125.51862756200001,9.010570633000043],[125.51861853200012,9.010570633000043],[125.51861175900001,9.0105773230000636],[125.51860724400001,9.0105862420000449],[125.51860498600001,9.0105951620000724],[125.51860498700012,9.0106040810000536],[125.51860047200012,9.0106130000000348],[125.51859595700012,9.0106196900000555],[125.51858692600001,9.0106263790000298],[125.51856886500002,9.0106263800000761],[125.51855531900003,9.0106241510000586],[125.51851694900006,9.0106063180000433],[125.51849436100008,9.0106063140000288],[125.51847630000009,9.0106152340000563],[125.51847404300008,9.0106241530000375],[125.51847404300008,9.010633073000065],[125.51848081700007,9.0106620600000724],[125.51848081700007,9.0106732090000605],[125.51847404500006,9.0106798980000349],[125.51845372600008,9.0106798990000243],[125.51844469500008,9.0106776690000743],[125.51843566400009,9.0106709800000431],[125.5184311480001,9.0106620610000618],[125.5184266330001,9.0106442230000425],[125.51841534400012,9.0106263850000232],[125.51840405500002,9.0106263850000232],[125.51839276700002,9.010630845000037],[125.51833406900005,9.0106754430000251],[125.51828689200011,9.0107206040000278],[125.51828237700011,9.0107295230000659],[125.51827560400011,9.0107585110000628],[125.51827108900011,9.010767430000044],[125.5182643170001,9.0107741200000646],[125.51823496700001,9.0107741200000646],[125.51821690500003,9.0107652020000728],[125.51820335900004,9.0107607430000485],[125.51815369000008,9.0107495950000498],[125.51812434100009,9.0107473660000323],[125.5181153100001,9.0107451370000717],[125.51809499100011,9.0107451370000717],[125.51808821800012,9.0107495970000286],[125.51807918800012,9.0107674360000374],[125.51807241500001,9.0107763550000755],[125.51804758200001,9.0107897350000599],[125.51799791300004,9.0108008850000374],[125.51797533700005,9.0108008860000268],[125.51796630600006,9.0107986560000768],[125.51794598700008,9.0107897380000281],[125.51793921400008,9.0107830490000538],[125.5179211520001,9.0107741300000725],[125.5179121220001,9.0107719000000657],[125.51790083300011,9.0107719010000551],[125.51789180300011,9.0107696710000482],[125.51786356600007,9.0107674420000308],[125.5178242180001,9.010794201000067],[125.51780164200011,9.0107986610000239],[125.51779261100012,9.0108053510000445],[125.51778132300001,9.0108187300000395],[125.51776552100011,9.0108521770000607],[125.51775423200002,9.0108588670000245],[125.51773165600002,9.0108588680000707],[125.51771359400004,9.0108544090000464],[125.51770456400004,9.0108477190000258],[125.51769553300005,9.0108454900000652],[125.51768650200006,9.0108410310000409],[125.51767747100007,9.0108343410000771],[125.51765941000008,9.0108254230000284],[125.51765263700008,9.0108187340000541],[125.51764812100009,9.0108098140000266],[125.5176436050001,9.0107919760000641],[125.5176390900001,9.010783057000026],[125.51762780100012,9.0107785980000585],[125.51760296700002,9.010778599000048],[125.51758490600002,9.0107830590000617],[125.51757361800003,9.0107830590000617],[125.51755329900004,9.0107897490000255],[125.51730358400005,9.0107607480000524],[125.51689483600001,9.0107006460000321],[125.51654262000011,9.0106383940000683],[125.51634095300005,9.0105868690000648],[125.5161778910001,9.0105804360000548],[125.51602135200005,9.010586887000045],[125.51597569500007,9.0105868900000701],[125.51594743200008,9.0105976280000277],[125.51594091000004,9.0106062170000314],[125.51592134400005,9.0106255440000496],[125.5159169960001,9.0106341340000426],[125.5159169960001,9.0106427230000463],[125.51591699700009,9.0106534600000714],[125.51592134600003,9.0106620490000751],[125.51593004300003,9.0106684900000573],[125.51597352700003,9.0106899610000255],[125.51598439800011,9.0106921080000575],[125.51599309500011,9.0106964020000646],[125.51601266200009,9.0106964010000752],[125.5160300550001,9.0107006950000255],[125.51605179800003,9.0107135770000468],[125.51607571400007,9.0107329020000293],[125.51611781100007,9.0107919660000562],[125.51611998500005,9.0108005560000493],[125.51611998600004,9.0108112920000281],[125.51611563800009,9.0108198820000212],[125.51609824600007,9.0108284720000711],[125.51599606000002,9.0108284780000645],[125.51598736400001,9.0108349200000362],[125.51598084200009,9.0108435100000293],[125.51597649500002,9.010862836000058],[125.51597649600001,9.0108735720000368],[125.51598301900003,9.0108821610000405],[125.51599171500004,9.0108843080000725],[125.51600041200004,9.0108843080000725],[125.51604389500005,9.0108821580000722],[125.51604824300011,9.0108886000000439],[125.51604607100012,9.0109165150000763],[125.51603520300011,9.0109594620000735],[125.51602215900004,9.0109830830000419],[125.51601346400003,9.0110088510000423],[125.51600042000007,9.0110324730000571],[125.51598302700006,9.0110410630000501],[125.51597215700008,9.0110410630000501],[125.51593955300007,9.0110554080000611],[125.51590259400007,9.0110682940000402],[125.5158547640001,9.0110983590000728],[125.51583737100009,9.0111069500000553],[125.51581128200007,9.0111155400000484],[125.51579171500009,9.0111198360000344],[125.51575326500006,9.011139164000042],[125.51573369700009,9.0111391650000314],[125.51572065200003,9.0111413130000528],[125.51567499600003,9.011162789000025],[125.51563368900008,9.0111950010000328],[125.51561629600008,9.0111992960000293],[125.51556846500011,9.0111992990000545],[125.51555107100012,9.0111950050000473],[125.51551411000003,9.011182123000026],[125.51549019400011,9.0111713880000366],[125.51548149700011,9.0111649460000649],[125.51547497400009,9.0111563570000612],[125.51547062500003,9.0111477680000576],[125.51547062400005,9.0111370320000219],[125.51549019100003,9.0111155580000286],[125.51551627900005,9.0110983780000424],[125.51554236900006,9.0110897870000599],[125.51556845800008,9.0110769020000703],[125.51559454700009,9.0110661640000558],[125.51560324400009,9.0110640160000344],[125.51562715800003,9.011044689000073],[125.51566846600008,9.0110232130000441],[125.51568585900009,9.0110124760000758],[125.51569890300004,9.0110017380000613],[125.51570759900005,9.0109974430000648],[125.51572281800009,9.0109845590000646],[125.51572934000001,9.0109781160000466],[125.51573368800007,9.0109695270000429],[125.51573803500003,9.0109523480000462],[125.51574238300009,9.0109437580000531],[125.51574020800001,9.0109351690000494],[125.51573586000006,9.0109265800000458],[125.5157249880001,9.0109115500000598],[125.5157162910001,9.0109051080000313],[125.51570759400011,9.0109029610000562],[125.51568585300004,9.0109029620000456],[125.51566846000003,9.0109051110000564],[125.51564237000002,9.0109179960000461],[125.51561845600008,9.0109330290000571],[125.51559671500002,9.0109523560000753],[125.51557497400006,9.01096738800004],[125.51555540800007,9.0109759780000331],[125.5155358400001,9.010978127000044],[125.51548148600011,9.0109781300000691],[125.5154727900001,9.0109759830000371],[125.51543800200011,9.0109545110000226],[125.51542930500011,9.0109394810000367],[125.5154227810001,9.0109137130000363],[125.51541625800007,9.0109051240000326],[125.51539886400008,9.0108922410000218],[125.51537059900011,9.0108815060000325],[125.51535972900001,9.0108815070000219],[125.51534233600012,9.0108900970000718],[125.51532929200005,9.0109137180000403],[125.51532929300004,9.0109244550000653],[125.51532494500009,9.010930897000037],[125.51531407400012,9.0109330450000584],[125.51530755100009,9.0109266030000299],[125.51530102800007,9.0109008360000757],[125.51530102600009,9.0108793630000719],[125.51529667800003,9.0108707740000682],[125.51528145800012,9.0108600380000325],[125.51527276100012,9.0108578910000574],[125.51525102000005,9.0108578920000468],[125.51513176500009,9.0108256700000311],[125.51510132700002,9.0108256720000668],[125.5150948050001,9.0108321140000385],[125.51507958700006,9.0108428510000635],[125.51506871600009,9.010842852000053],[125.51506001900009,9.0108385580000459],[125.51505132200009,9.0108364110000707],[125.51502523200008,9.0108235280000599],[125.51501001200006,9.0108106450000491],[125.51500783800009,9.0108020560000455],[125.51500783600011,9.0107805830000416],[125.51501218400006,9.0107698460000734],[125.51501653200012,9.0107634040000448],[125.51502740300009,9.0107569610000269],[125.5150360990001,9.0107548140000517],[125.51505349200011,9.0107440760000372],[125.5150817550001,9.0107311910000476],[125.51508827700002,9.0107247480000296],[125.51509697300003,9.0107204530000331],[125.51510349600005,9.0107140110000614],[125.51511001800009,9.0107054210000683],[125.51511653900002,9.0106796530000679],[125.51511653800003,9.0106603270000392],[125.51510349200009,9.0106495910000604],[125.5150947950001,9.0106474450000746],[125.51507957600006,9.0106474450000746],[125.51507088000005,9.0106495930000392],[125.51504044300009,9.0106775100000505],[125.51503174600009,9.0106753630000753],[125.51502305000008,9.0106689220000362],[125.51502087500012,9.0106603320000431],[125.51502087400002,9.0106517430000395],[125.51501652600007,9.0106431540000358],[125.51501652400009,9.0106130920000282],[125.5150252200001,9.0105959130000315],[125.51502739300008,9.0105873230000384],[125.51502521900011,9.0105787340000347],[125.51502087000006,9.0105701450000311],[125.51500130200009,9.0105508200000486],[125.51498608200006,9.0105400840000698],[125.51497738500007,9.0105379370000378],[125.51496868900006,9.0105400850000592],[125.51496216700002,9.0105443800000558],[125.51495129700004,9.0105594120000205],[125.51495129800003,9.0105894740000281],[125.51495564700008,9.0106023580000283],[125.51495564900006,9.0106345680000572],[125.51495347500008,9.0106431570000609],[125.51494043100001,9.0106538950000754],[125.51490781900009,9.0106560440000294],[125.51487520800003,9.010677519000069],[125.51484477000008,9.0106775200000584],[125.51483824700006,9.0106710780000299],[125.51482955000006,9.0106667840000227],[125.51481650400001,9.0106410170000686],[125.5148099810001,9.0106324280000649],[125.51479476100008,9.0106195450000541],[125.51478606500007,9.0106195460000436],[125.51477736800007,9.0106259880000721],[125.51476432400011,9.0106410200000369],[125.51476215100001,9.0106603460000656],[125.51476867500003,9.0106861130000766],[125.51476867500003,9.0106968500000448],[125.51475998000001,9.010709734000045],[125.51474693500006,9.0107204720000595],[125.51473606500008,9.0107226190000347],[125.51471432300002,9.0107226210000704],[125.51470780000011,9.0107140320000667],[125.51470562600002,9.0107054420000736],[125.51470562500003,9.01069685300007],[125.51470562500003,9.0106861170000343],[125.51470779800002,9.0106775270000412],[125.51471866800011,9.0106517590000408],[125.51473823400011,9.0106302850000475],[125.51474475500004,9.0106045160000576],[125.51474692900001,9.010593780000022],[125.51474692600004,9.0105465390000745],[125.51474475100008,9.0105379500000709],[125.51473605400008,9.0105207710000741],[125.51473387900012,9.0105121820000704],[125.51472300800003,9.0105057410000313],[125.51471213700006,9.0105057410000313],[125.51470344100005,9.0105078890000527],[125.51469691900002,9.0105121840000493],[125.51468822300001,9.0105229210000743],[125.51468604900003,9.010529363000046],[125.51468605000002,9.0105465420000428],[125.51468387600005,9.0105551310000465],[125.51467735400001,9.0105637210000395],[125.51466213500009,9.0105615740000644],[125.5146534380001,9.0105572800000573],[125.5146447410001,9.010550839000075],[125.51463821800007,9.0105422500000714],[125.51462952100007,9.0105272190000392],[125.51462734600011,9.0105164820000709],[125.51463169400006,9.0105078930000673],[125.51463821600009,9.0105014510000387],[125.5146556090001,9.0104907130000242],[125.51466647800009,9.0104627970000593],[125.51466647700011,9.0104520610000236],[125.51467299900003,9.0104327340000623],[125.51467952100006,9.0104241450000586],[125.51468821700007,9.0104177020000407],[125.51469691400007,9.0104134070000441],[125.5147034360001,9.0104134070000441],[125.51471430600009,9.0104091120000476],[125.51473387400006,9.0104048160000616],[125.51474257000007,9.0103983740000331],[125.51474691800001,9.0103919320000614],[125.51475344000005,9.0103876370000648],[125.51476213700005,9.0103854890000434],[125.51478822600006,9.010385488000054],[125.51479692300006,9.0103897820000611],[125.51480996900011,9.0104026650000719],[125.51481214300009,9.0104112540000756],[125.51481649200002,9.0104198430000224],[125.51482301500005,9.0104284320000261],[125.51483171200005,9.0104348740000546],[125.51485562800008,9.0104348720000758],[125.51486867200003,9.0104198400000541],[125.51487736800004,9.0104155450000576],[125.51489476100005,9.0104155440000682],[125.51490563200002,9.0104176910000433],[125.51491215500005,9.010426280000047],[125.51491433000001,9.0104348690000506],[125.5149252010001,9.0104477530000509],[125.51494042000002,9.010452047000058],[125.51496216200007,9.0104520450000223],[125.51497085800008,9.0104477500000257],[125.51497955400009,9.0104413080000541],[125.51498607600001,9.010432718000061],[125.5149882500001,9.0104241290000573],[125.5149928300001,9.0103662820000636],[125.51499065500002,9.0103598400000351],[125.51499065500002,9.0103469570000243],[125.51500587300006,9.0103340720000347],[125.51502543900006,9.0103104500000768],[125.51502543900006,9.0103018610000731],[125.51502761200004,9.0102932720000695],[125.5150319600001,9.0102846820000764],[125.51503848200002,9.0102760930000727],[125.51505370000007,9.0102610600000617],[125.51505587400004,9.010252471000058],[125.51505587300005,9.0102309980000541],[125.51504282700012,9.0102159670000219],[125.51501891100008,9.0102030850000574],[125.51501021400009,9.0101966430000289],[125.51498629800005,9.0101880550000715],[125.51497760100006,9.0101816140000324],[125.51496672900009,9.0101558460000319],[125.5149580320001,9.0101494050000497],[125.51491020100002,9.0101494070000285],[125.51490150400002,9.0101537020000251],[125.51487324100003,9.0101601460000325],[125.51483845500002,9.0101751790000435],[125.51481888900003,9.010185917000058],[125.51481236600011,9.0101923590000297],[125.51480367000011,9.0101966540000262],[125.5147949740001,9.0101988020000476],[125.51476453600003,9.0101988030000371],[125.51475583900003,9.0101945090000299],[125.51474931600001,9.0101880670000583],[125.51474061800002,9.0101708890000509],[125.5147340960001,9.0101623000000473],[125.51473192100002,9.010155859000065],[125.51473191900004,9.010125796000068],[125.51473409300002,9.0101172070000644],[125.51474713700009,9.0101043220000747],[125.51476887900003,9.0101000260000319],[125.5147906200001,9.0101000250000425],[125.51479061900011,9.0100806990000706],[125.51477539900009,9.0100656690000278],[125.51475583100012,9.010054933000049],[125.51473626300003,9.0100334610000345],[125.51472756600003,9.0100291670000274],[125.51470799900005,9.0100291680000737],[125.51469712800008,9.0100313160000383],[125.51469278000002,9.0100377580000668],[125.51469278200011,9.0100699680000389],[125.51469495600008,9.0100764100000674],[125.51469495700007,9.0100849990000711],[125.51469060900001,9.0100957360000393],[125.51467973800004,9.0100957360000393],[125.51466234500003,9.0100914430000216],[125.51465364800003,9.0100871480000251],[125.51464277700006,9.0100871490000713],[125.51463408100005,9.010093591000043],[125.51462755900002,9.0101086230000647],[125.5146210370001,9.0101150650000363],[125.51461234100009,9.0101193600000329],[125.51460147000012,9.0101193610000223],[125.51459277300012,9.0101172140000472],[125.51458407600012,9.0101086250000435],[125.51458407400003,9.0100721210000643],[125.51458624800011,9.0100656790000357],[125.51459277000004,9.0100570890000427],[125.51460798800008,9.010042057000021],[125.51461451000011,9.0100162890000206],[125.51461450900001,9.0100055520000524],[125.51461016000007,9.0099969630000487],[125.51460363700005,9.009990521000077],[125.5145818960001,9.0099905230000559],[125.51456450400008,9.0100141440000243],[125.5145623300001,9.010022733000028],[125.51455580800007,9.0100313230000211],[125.51454711200006,9.0100377650000496],[125.51453406700011,9.010039913000071],[125.5145253710001,9.0100399140000604],[125.51450797700011,9.0100270310000496],[125.51449927900001,9.0100120000000743],[125.51449710500003,9.0100012630000492],[125.51449710400004,9.0099819370000205],[125.51449927700003,9.0099733480000737],[125.51450362500009,9.00996475900007],[125.51451014700001,9.0099561690000769],[125.51452754000002,9.009947579000027],[125.51455145500006,9.0099282520000656],[125.51457102000006,9.0098960410000473],[125.51457536800001,9.0098788620000505],[125.51457536700002,9.0098616830000537],[125.51457101800008,9.0098509470000749],[125.51454927600003,9.0098488010000324],[125.51450208800009,9.0098765610000555],[125.51448756200011,9.0098788260000333],[125.51447641300001,9.0098762980000515],[125.51445945400008,9.0098686410000255],[125.51437901800011,9.0098624190000578],[125.51437981300012,9.0098721910000563],[125.51437798800009,9.0098782000000597],[125.5143706880001,9.00988721300007],[125.51435517400012,9.009901634000073],[125.51433250100001,9.0099160190000589],[125.51430111100001,9.0099480330000574],[125.51425792300006,9.0099581910000666],[125.51423118700006,9.009958192000056],[125.5142229600001,9.0099520990000315],[125.51420445000008,9.0099297570000658],[125.51419827900008,9.0099114760000703],[125.51419005200012,9.0098952270000723],[125.51416948500002,9.0098728840000604],[125.5141653710001,9.0098647600000277],[125.51415714500001,9.0098606980000682],[125.51413863500011,9.0098606980000682],[125.51413040900002,9.0098647610000739],[125.51412424000011,9.009870855000031],[125.51412012700007,9.0098789800000532],[125.51412012700007,9.0098891360000266],[125.51413041100011,9.0099033540000733],[125.51413452500003,9.0099135100000467],[125.51413452600002,9.0099297600000341],[125.51413863900007,9.0099378850000562],[125.51414481000006,9.0099460090000321],[125.51416107500006,9.0099588130000257],[125.51415696300012,9.0099750630000699],[125.51414668100006,9.0099892820000491],[125.51413434200003,9.0100035010000283],[125.51412611600006,9.0100055330000259],[125.51408909700001,9.0100055350000616],[125.51406647400006,9.0099933490000694],[125.51403973800006,9.0099913190000507],[125.51403151200009,9.0099953820000565],[125.51401917400005,9.0100217880000741],[125.51401300400005,9.0100278820000312],[125.51400477800007,9.0100299140000288],[125.51394513700006,9.010029917000054],[125.5138361380001,9.0100380470000232],[125.51373947800005,9.0100360200000296],[125.51372919500011,9.0100380520000272],[125.51361608200011,9.0100380580000206],[125.51348626300012,9.0100065590000327],[125.51347878000001,9.0100065590000327],[125.51347129600003,9.0100028640000573],[125.5134338790001,9.0099917780000283],[125.51337214000011,9.0099843880000208],[125.51333659400007,9.0099843880000208],[125.5133234970001,9.0099806930000454],[125.51331040100001,9.0099806930000454],[125.51330104700003,9.0099769980000701],[125.51327485500008,9.0099751510000488],[125.51324305000003,9.0099696080000626],[125.51323369500005,9.0099640650000765],[125.51321872800008,9.0099585220000336],[125.51321311600009,9.0099529790000474],[125.51320563200011,9.009940044000075],[125.51320563200011,9.0099326530000212],[125.5132112440001,9.0099252620000243],[125.51322246900008,9.009917870000038],[125.51324866100003,9.0099104790000411],[125.51329917500004,9.0099104780000516],[125.51332349600011,9.00990678200003],[125.51336465500003,9.0099049330000298],[125.51337213800002,9.0099030850000759],[125.51340768500006,9.0099030840000296],[125.51341703900005,9.0098993890000543],[125.51343013500002,9.0098883020000358],[125.51343387700001,9.0098809100000494],[125.51343387600002,9.0098716710000417],[125.51342639300003,9.0098661280000556],[125.51341329700006,9.0098642810000342],[125.51335717000006,9.0098476520000759],[125.51334220300009,9.0098402610000221],[125.51331414000003,9.0098199360000422],[125.51330291400006,9.0098088490000237],[125.51329168900008,9.0098033060000375],[125.51328794700009,9.0097977630000514],[125.51327485100012,9.0097866770000223],[125.51325053000005,9.0097737430000393],[125.5132280790001,9.0097682000000532],[125.51322059600011,9.0097682000000532],[125.51321311200002,9.0097645040000316],[125.51316951900003,9.0097552660000702],[125.51316390600005,9.0097497230000272],[125.51315081000007,9.0097441800000411],[125.51313210100011,9.0097423330000765],[125.51311713500002,9.0097497240000735],[125.51296933600008,9.0097497270000417],[125.51293566000004,9.009740488000034],[125.51291133900008,9.0097294020000618],[125.5129001140001,9.0097275550000404],[125.51287205100004,9.0097183160000327],[125.51285521300008,9.0097146210000574],[125.51283276200002,9.0097016870000743],[125.51282527900003,9.0096961440000314],[125.51281966600004,9.0096887530000345],[125.51281592400005,9.0096813620000376],[125.51281592300006,9.0096296240000697],[125.51281218100007,9.0096129940000651],[125.51280843900008,9.0096056030000682],[125.51279534300011,9.0096000600000252],[125.51276166700006,9.0096000600000252],[125.51275231300008,9.0095982130000607],[125.51274295900009,9.0096000610000715],[125.51273547500011,9.0096056040000576],[125.51273360500011,9.0096111470000437],[125.51273360500011,9.0096462550000638],[125.5127373470001,9.0096536460000607],[125.51274395600001,9.0096850590000486],[125.51273460200002,9.0096979930000316],[125.51271589300006,9.009703537000064],[125.51265041300007,9.0097035380000534],[125.5126354460001,9.0096998430000212],[125.51260925400004,9.0096979950000673],[125.51259990000005,9.0096943000000351],[125.51257370700012,9.0096924530000706],[125.51255687000003,9.009688757000049],[125.51254003200006,9.0096869100000276],[125.51251384000011,9.0096869100000276],[125.51250635600002,9.0096832150000523],[125.51248016400007,9.0096813680000309],[125.51245397200012,9.0096758250000448],[125.51242029600007,9.0096739780000235],[125.5124015880001,9.0096702820000587],[125.51236229900007,9.0096518050000327],[125.51235481500009,9.0096462620000466],[125.5123473320001,9.0096444140000358],[125.51232675200004,9.0096259370000666],[125.51229120500011,9.0095982210000329],[125.51227998000002,9.0095852870000499],[125.51227623800003,9.0095705040000666],[125.51227623800003,9.0095612650000589],[125.51228185000002,9.0095483310000759],[125.51229681700011,9.0095372440000574],[125.5123024290001,9.0095298530000605],[125.5123043000001,9.0095113750000451],[125.51229868700011,9.0095058320000589],[125.51228184900003,9.0095021360000374],[125.51226314100006,9.0095021370000268],[125.51225565700008,9.0095058320000589],[125.51223694900011,9.0095095280000237],[125.51220888600005,9.00950952900007],[125.51219017700009,9.0094928990000653],[125.51218082200012,9.0094799650000255],[125.51218082200012,9.0094622460000551],[125.51217295600009,9.0094406790000221],[125.51217108500009,9.0094314400000712],[125.5121729550001,9.0094240490000743],[125.51218043900008,9.009411114000045],[125.51217669700009,9.0094037230000481],[125.51216173000012,9.009398180000062],[125.51215237500003,9.009398180000062],[125.51213740800006,9.0093907890000651],[125.51213179600006,9.0093833980000682],[125.51212992400008,9.0093501380000589],[125.51212618200009,9.0093316600000435],[125.51212618200009,9.0093242690000466],[125.51211869800011,9.0093113350000635],[125.51211308500001,9.009287314000062],[125.51210373100002,9.0092762270000435],[125.51208128000007,9.0092651410000713],[125.51207566800008,9.0092614460000391],[125.51207005500009,9.0092540550000422],[125.51206444200011,9.0092355770000268],[125.51204385800008,9.0089937350000469],[125.51203450300011,9.0089288820000206],[125.51203824400011,9.0089141000000268],[125.51205134000008,9.0088900780000358],[125.51205508200007,9.008875296000042],[125.51205508100009,9.0088660570000343],[125.5120438560001,9.0088512750000405],[125.5116529070001,9.0088288910000642],[125.5116472950001,9.0088436730000581],[125.51164729600009,9.0088917150000611],[125.5116454250001,9.0089064980000444],[125.51163794200011,9.0089212800000382],[125.51163233000011,9.0089453010000398],[125.51162671700001,9.008960084000023],[125.51162671800012,9.0089841050000246],[125.51163233000011,9.0089896480000675],[125.51163981400009,9.0090044300000613],[125.51164168500009,9.0090118210000583],[125.51164168500009,9.0090358420000598],[125.51163981500008,9.0090432340000461],[125.5116323310001,9.00905801600004],[125.5116285900001,9.0090617120000616],[125.51161362400001,9.009125104000077],[125.51161362400001,9.009132495000074],[125.51160801200001,9.009145429000057],[125.51160239900003,9.009169451000048],[125.51160240000002,9.0091860810000526],[125.51160801300011,9.0092082540000433],[125.51160801300011,9.0092341230000557],[125.51160614200012,9.0092433620000634],[125.51159865900001,9.0092562970000358],[125.51159304700002,9.0092618400000219],[125.51157059600007,9.009276623000062],[125.51155937100009,9.0092895570000451],[125.5115500170001,9.0093043400000283],[125.5115481470001,9.0093117310000252],[125.51153692200012,9.0093357520000268],[125.51152756800002,9.0093468390000453],[125.51151260100005,9.0093579260000638],[125.51149015100009,9.0093690130000255],[125.51146072400002,9.0093924070000639],[125.51145698300002,9.0093961030000287],[125.51145324100003,9.009409038000058],[125.51144762900003,9.0094164290000549],[125.51144575800004,9.0094238200000518],[125.51144014500005,9.0094275160000734],[125.51143079100007,9.0094293630000379],[125.51141208200011,9.0094293640000274],[125.51138776100004,9.0094201250000765],[125.51137466500006,9.0094090390000474],[125.51135969800009,9.0094034960000613],[125.51135221400011,9.0093979520000289],[125.51134660200012,9.0093961050000644],[125.51133911800002,9.0093887140000675],[125.51133163400004,9.0093739310000274],[125.51132602200005,9.009370236000052],[125.51131479700007,9.009370236000052],[125.51130731300009,9.0093720840000628],[125.51129234600012,9.0093831710000245],[125.51128299200002,9.0093850190000353],[125.51126428300006,9.0093850190000353],[125.51124931600009,9.0093776280000384],[125.5112418330001,9.0093646940000554],[125.51123622000011,9.0093443680000291],[125.51123060700002,9.0093351290000214],[125.51120815600007,9.0093055650000338],[125.51120254400007,9.0093018700000584],[125.51119693100009,9.0092944790000615],[125.51117635100002,9.0092796970000677],[125.51117260900003,9.0092723050000245],[125.51116886700004,9.0092538280000554],[125.51115270300011,9.0092310400000315],[125.51115083200011,9.0092236490000346],[125.51115083100001,9.009199628000033],[125.51115831400011,9.0091552810000621],[125.51115831400011,9.0091368030000467],[125.51114708800003,9.0091164780000668],[125.51113586300005,9.0091053910000483],[125.51111715400009,9.0090739790000498],[125.5111134120001,9.009059197000056],[125.5111134120001,9.0090314800000328],[125.5108702010001,9.0091552850000767],[125.51088329800007,9.0091885450000291],[125.51088329800007,9.0092236530000491],[125.51088516900006,9.009231044000046],[125.51089452400004,9.0092458260000399],[125.51089639500003,9.0092532170000368],[125.51089639500003,9.0092661520000661],[125.51087768700006,9.0092957160000537],[125.51084588200001,9.0093197380000447],[125.51083652800003,9.0093308250000632],[125.51082742100004,9.0093607770000403],[125.51080871300007,9.0093774080000344],[125.51080122900009,9.0093811030000666],[125.51077877900002,9.0093977340000606],[125.51077316600004,9.0094032770000467],[125.51077129600003,9.0094125160000544],[125.51077129600003,9.0094199070000514],[125.51078439200012,9.0094513190000498],[125.51079935900009,9.0094697970000652],[125.51080310100008,9.0094845790000591],[125.51080310100008,9.0094938180000668],[125.51080497200007,9.0095012090000637],[125.51080871400006,9.0095086000000606],[125.51081432700005,9.0095141430000467],[125.51083490600001,9.0095141430000467],[125.5108480020001,9.0095067520000498],[125.51087606500005,9.0094808830000375],[125.51088167900002,9.0094808780000335],[125.51089103200002,9.0094864260000236],[125.51089664500012,9.0094938170000205],[125.51089851600011,9.0095012080000743],[125.51089851600011,9.0095252290000758],[125.5109041290001,9.0095289240000511],[125.51092283700007,9.0095307720000619],[125.51092845000005,9.0095455540000557],[125.51092845000005,9.0095547930000635],[125.51091535400008,9.0095621840000604],[125.51090038700011,9.0095640320000712],[125.51089290400012,9.0095695760000467],[125.51088542100001,9.0095788150000544],[125.51084052400006,9.009887587000037],[125.51062788500008,9.0100339860000531],[125.51069149500006,9.0100894190000531],[125.51058298600003,9.0102206130000582],[125.51053060200002,9.0102501780000352],[125.51056053600007,9.0102631120000751],[125.51052311900003,9.0102926770000522],[125.51046886400002,9.0102815910000231],[125.51048570100011,9.0102538740000568],[125.51047073400002,9.0102464830000599],[125.51053247200002,9.0101559410000505],[125.5104913130001,9.0101393120000353],[125.51011372000005,9.0103835150000577],[125.51012889500009,9.0104260800000588],[125.51014199100007,9.0104260800000588],[125.51016257100002,9.010461188000022],[125.51011018700001,9.0104889050000452],[125.51009521900005,9.0104537970000251],[125.51010644400003,9.0104390150000313],[125.51011392800001,9.0104242330000375],[125.51009896000005,9.0103983640000251],[125.50993245400002,9.0104833640000379],[125.50994742100011,9.0105295580000302],[125.50994180900011,9.0105461880000348],[125.50991935900004,9.0105517320000672],[125.50990439200007,9.0105572750000533],[125.50989877900008,9.0105628190000289],[125.50989316700009,9.0105776010000227],[125.5098875540001,9.0105868400000304],[125.50988194200011,9.010590536000052],[125.50986697500002,9.010590536000052],[125.50985949100004,9.0105868400000304],[125.50984265300008,9.0105831450000551],[125.50983329900009,9.0105831450000551],[125.50982581500011,9.0105849930000659],[125.50982020300012,9.0105886880000412],[125.50981646100001,9.0105960800000275],[125.50981646100001,9.0106053180000458],[125.50982020300012,9.0106201010000291],[125.50982020300012,9.0106293400000368],[125.5098063480001,9.0106430240000464],[125.50972457300009,9.0106874940000239],[125.50971634700011,9.0106935880000378],[125.50967932900005,9.0107078080000633],[125.50966287600011,9.0107118710000691],[125.50965465000002,9.0107118710000691],[125.50963408400003,9.0107159340000749],[125.5096032350001,9.0107159350000643],[125.50959912200005,9.0107179670000619],[125.50955799000008,9.0107179680000513],[125.50940778600011,9.0108265520000259],[125.50942424100003,9.0108793630000719],[125.50935637500004,9.0109179590000394],[125.50932963800005,9.0108834290000459],[125.50935020300005,9.0108631160000527],[125.50934197600009,9.0108468670000548],[125.50912440900004,9.0109899950000454],[125.50912852400006,9.0110590560000219],[125.50896811200005,9.0111240610000323],[125.50893109300011,9.0111139060000482],[125.50892492300011,9.0111078120000343],[125.50892492300011,9.011099687000069],[125.50893109100002,9.0110753130000489],[125.50892903500005,9.0110671880000268],[125.50892697800009,9.0110651570000755],[125.50883443300006,9.0111159400000247],[125.50866929000006,9.0111924320000298],[125.50865489400007,9.0112025890000496],[125.50863227200011,9.011233058000073],[125.50863021600003,9.0112452450000546],[125.5086261030001,9.0112513390000686],[125.5086261030001,9.0112594640000339],[125.50862610400009,9.0112696200000642],[125.50863227400009,9.0112939950000737],[125.50863227500008,9.0113102440000716],[125.50860142700003,9.0113468070000522],[125.50858703100005,9.011350870000058],[125.50855412500005,9.0113508720000368],[125.5085376720001,9.0113549350000426],[125.5085315020001,9.0113589970000589],[125.50850271100012,9.011387783000032],[125.50846980600011,9.0114060650000738],[125.50845129700008,9.0114101280000227],[125.50844307000011,9.0114141910000285],[125.50842661800004,9.0114182540000343],[125.5083772590001,9.01141825600007],[125.50834435400009,9.0114284130000328],[125.50833612700001,9.0114324760000386],[125.50831556200001,9.0114527890000318],[125.50830733600003,9.0114568520000375],[125.50828265700011,9.0114751330000331],[125.50827443100002,9.0114791960000389],[125.50826826100001,9.0114852900000528],[125.50824358200009,9.0114934160000644],[125.50821273300005,9.0114934170000538],[125.50816298800009,9.0114797220000469],[125.50773455700005,9.0115314620000504],[125.50710968400006,9.0113152730000365],[125.50655102200005,9.011107007000021],[125.50619368500008,9.010996141000021],[125.50612259100001,9.0110903780000626],[125.50571912900011,9.0109186690000342],[125.50565416600011,9.010888848000036],[125.50564488400005,9.0108888440000214],[125.50563328300007,9.010886547000041],[125.50550721200011,9.0108279920000314],[125.50541179800007,9.0108058190000406],[125.50517232700008,9.0106284310000433],[125.50512768800002,9.0106186150000553],[125.50503601500009,9.010648179000043],[125.50496305100012,9.0106555700000399],[125.50494434200004,9.0106407880000461],[125.50493311700006,9.0106167670000445],[125.50489570000002,9.0105816590000245],[125.50488073300005,9.0105724200000736],[125.50485455900002,9.0105655710000292],[125.50484527900005,9.0105609830000617],[125.50477636100004,9.0105476110000495],[125.5047464270001,9.0105402190000632],[125.50473146000002,9.0105328280000663],[125.50469965500008,9.0105235890000586],[125.50453501900006,9.0104663080000478],[125.50444895800001,9.0105901090000771],[125.50439657300001,9.0105642400000647],[125.50391981400003,9.0112074600000369],[125.50391981400003,9.0112333290000493],[125.50319448400012,9.0121987810000519],[125.50323003000005,9.0122320410000611],[125.50295459600011,9.0125780950000376],[125.50205227300012,9.0125559130000283],[125.50205788700009,9.0124284160000343],[125.50266592300011,9.0124372590000235],[125.50269024500005,9.0122986750000678],[125.50289230300007,9.0120178140000462],[125.50245875300004,9.0116865590000543],[125.50323709200006,9.0106985330000384],[125.50329508900006,9.0107244020000508],[125.50330070200005,9.0107188590000646],[125.50330444400004,9.0107114680000677],[125.50330444400004,9.0106929900000523],[125.50330070200005,9.0106782080000585],[125.50329134800006,9.0106634250000752],[125.50328947700007,9.0106560340000215],[125.50328386400008,9.0106486430000245],[125.5032726390001,9.0106264700000338],[125.5032726390001,9.0106190780000475],[125.50326515600011,9.0106061440000644],[125.50326515600011,9.0105969050000567],[125.50326141400001,9.0105895140000598],[125.50322679800001,9.0105426440000542],[125.50322305700001,9.0105352520000679],[125.50320060600006,9.0105204700000741],[125.50319312300007,9.0105130790000771],[125.50318563900009,9.0105019920000586],[125.50204951300009,9.0095191860000341],[125.50153685600003,9.0091141070000731],[125.5013687820001,9.0089747940000393],[125.50122472700002,9.0088491430000204],[125.50093918300001,9.0085883890000673],[125.50058611100008,9.0083080030000247],[125.5002531020001,9.0080603950000295],[125.49965030600004,9.0076791740000317],[125.49918639200007,9.0074286310000389],[125.49919507800007,9.007395119000023],[125.49914947000002,9.0073669810000752],[125.50125934900007,8.9994956940000748],[125.50460142700001,8.9864254800000367],[125.50529661000007,8.9865859070000624],[125.50604526600011,8.9867463340000313],[125.50676718600005,8.986906761000057],[125.50756772900002,8.9870068280000623],[125.50783669700002,8.9870404490000624],[125.50900842800002,8.9870144840000421],[125.50995396900009,8.9869874690000415],[125.51092426000002,8.9870696940000698],[125.51240303300006,8.9870696940000698],[125.51293116700003,8.9870696940000698],[125.51385539900002,8.986779221000063],[125.51391322300003,8.9880093590000456],[125.51401532200009,8.9888874130000431],[125.51413784100009,8.9897042080000347],[125.51428078000004,8.9904801640000755],[125.51440329900004,8.991154019000021],[125.51458707800009,8.991868714000077],[125.51487295600009,8.9926650900000595],[125.51505673500003,8.9933185260000528],[125.51538345300003,8.9940128010000535],[125.51568975100008,8.9948704350000526],[125.51601646900008,8.9956055510000397],[125.51648612600002,8.99615688800003],[125.51703746300007,8.9967899030000353],[125.51754796000012,8.9971166220000214],[125.51823970500004,8.9976443880000261],[125.5187965880001,8.99792283000005],[125.5192626920001,8.9986840990000587],[125.51934255300012,8.9988438210000368],[125.51943572400012,8.99921650400006],[125.51959544600004,8.9998553910000396],[125.5196486860001,9.0003744870000446],[125.51968861700004,9.0010266830000205],[125.51974185800009,9.0013328170000477],[125.51979509700004,9.0017055010000604],[125.51982171800012,9.0019850130000236],[125.51987495900005,9.002224596000076],[125.51994151000008,9.0027170710000632],[125.52015447200006,9.0034358190000603],[125.52039405400001,9.0037685720000695],[125.52062032600008,9.0042477370000711],[125.52096639000001,9.0047269020000726],[125.52115273200002,9.0050064150000253],[125.52139231500007,9.0052326870000456],[125.52161858700003,9.0054323400000271],[125.52183154900001,9.0055654410000443],[125.52227306900011,9.0058560350000221],[125.5229096700001,9.006137777000049],[125.52317587300001,9.0062309480000522],[125.52338883500011,9.0063640490000694],[125.52373489900003,9.0065237710000474],[125.52423890400007,9.0067967720000297],[125.52396663200011,9.0072849840000231],[125.52381755800002,9.0074931220000281],[125.52351597500001,9.0079140260000372],[125.52294326500009,9.0087026770000307],[125.52245136200008,9.0092767810000396]]]},"properties":{"objectid":21439,"gthcode":"8011602020570000","globalid":"{FD746285-4F79-4CBC-A8DE-4FE05BE1834D}","st_area(shape)":0.00038891715759150448,"reg_name":"Region XIII (Caraga)","prov_name":"Agusan del Norte","city_name":"Butuan City","brgy_name":"Lumbocan","reg_code":"160000000","prov_code":"160200000","city_code":"160202000","brgy_code":"160202057","psgc_10d":"1630400057","geographic_level":"Bgy","old_names":"","class":"Highly Urbanized Cities (HUC)","income_class":"","urban_rural2015":"R","bgypop2015":4462,"bgypop2020":4959,"bgyarea_sqkm":4.7298137599999999,"gida":"No","gida_yr":null,"st_perimeter(shape)":0.10094284799634563,"created_user":null,"created_date":null,"last_edited_user":"ADMIN2","last_edited_date":1748789493000}},{"type":"Feature","id":22607,"geometry":{"type":"Polygon","coordinates":[[[125.61565018800002,8.8299058590000641],[125.59698137200007,8.8336560390000614],[125.59447420600009,8.8332942270000672],[125.59103210300009,8.8328263690000313],[125.58745781500011,8.8318408360000262],[125.58434841000008,8.8307544230000303],[125.58059801000002,8.8288242420000529],[125.58116814200002,8.8279120290000606],[125.58132699800001,8.8271374990000595],[125.58126323900001,8.8251928670000552],[125.58119948100011,8.8243958860000475],[125.58081693000008,8.8233757510000714],[125.58055304100003,8.8227275400000735],[125.58022716500011,8.8219624400000498],[125.5799862990001,8.8215798890000769],[125.57977377100008,8.8212965180000538],[125.57933454600004,8.820347226000024],[125.57905117500002,8.8199363380000477],[125.57886698400011,8.8197379780000347],[125.57893782700012,8.8190578880000317],[125.57902283800001,8.8185194840000349],[125.57924953500003,8.8182361130000686],[125.57957541200005,8.8177685510000288],[125.57992962500009,8.8167625850000491],[125.58029800700001,8.8160116520000429],[125.5806838100001,8.8154020830000377],[125.58100643400007,8.8148923370000603],[125.5813889850001,8.8141130670000507],[125.58168652400002,8.8134613140000511],[125.58226743500006,8.8122853250000617],[125.58284834500012,8.8115343920000555],[125.58314588400003,8.8108117970000421],[125.5840101660001,8.8094374480000397],[125.58452023300003,8.8083039640000607],[125.58481777200006,8.8076238750000471],[125.58515781700009,8.8069154480000407],[125.58548369400012,8.8063487060000512],[125.58585207600004,8.8056544470000517],[125.58624879500007,8.8050310320000449],[125.58646132300009,8.8045493010000655],[125.58697139000003,8.8036000090000357],[125.58728309900005,8.8030190980000498],[125.58762314300009,8.8024381880000533],[125.58878496400007,8.8007521320000706],[125.58899749200009,8.8003270760000305],[125.58932336800001,8.7995619740000279],[125.58959257000004,8.7988818840000249],[125.58987594100006,8.7982584690000749],[125.59066938000001,8.7964874010000358],[125.59079689700002,8.7961756930000661],[125.59092441300004,8.7958214800000292],[125.59106609900005,8.7955522770000698],[125.59126445900006,8.7952547380000397],[125.59146281900007,8.7949005240000702],[125.59163284100009,8.7944612990000337],[125.5917320210001,8.794135423000057],[125.59164701000009,8.7938237150000305],[125.59151949300008,8.7935686810000675],[125.59150532400008,8.7931577940000238],[125.5915761660001,8.7928319170000577],[125.5917178520001,8.7925485460000345],[125.59219958300002,8.7918967930000349],[125.59259777700004,8.7913020930000698],[125.59382566000011,8.7913697620000448],[125.59612195000011,8.7910057160000292],[125.59642998800007,8.7910477210000408],[125.59682203800003,8.7913277560000438],[125.59729712300009,8.791634497000075],[125.59779354500006,8.7917418320000706],[125.59818501400002,8.7917418440000574],[125.59830052200005,8.7917208420000748],[125.59847378600011,8.7916210840000417],[125.59874680600001,8.7916053340000531],[125.59886231400003,8.7916210840000417],[125.59894632100008,8.791678839000042],[125.59905132900008,8.7916630880000639],[125.59913522800002,8.7916076630000362],[125.59926939600007,8.7914198280000733],[125.59940310500008,8.7911538000000746],[125.59952386400005,8.7910802940000394],[125.5996450670001,8.791057573000046],[125.5998463200001,8.791070990000037],[125.60013290900008,8.7910382910000635],[125.6004769110001,8.791057573000046],[125.60063169500006,8.7911327980000351],[125.60082071000011,8.7911275480000768],[125.60103072600009,8.791117047000057],[125.60121448900009,8.7911905530000354],[125.60135099900003,8.7913428140000747],[125.60150326100006,8.7916210840000417],[125.60161876900008,8.7917838460000439],[125.60180253300007,8.7919151060000331],[125.60202829900004,8.7918941050000399],[125.60226767900008,8.7917378020000569],[125.60239782500003,8.7916727280000373],[125.60249001200009,8.7916944200000557],[125.60266896300004,8.7916293470000255],[125.60278826400008,8.7916510370000651],[125.60306482500005,8.7918842160000281],[125.60322208600007,8.7921228180000526],[125.60350949200006,8.7925132570000528],[125.60368302100005,8.7928223550000553],[125.60373724800002,8.7930826470000625],[125.60391619900008,8.7932724440000243],[125.60406803700005,8.7933320940000499],[125.60419818300011,8.7932670210000765],[125.60430663800003,8.7930338420000567],[125.60418733800009,8.7927681270000448],[125.60417106900002,8.7925891760000354],[125.60420902900012,8.7923993790000736],[125.60429037000006,8.7922909240000422],[125.60445847500011,8.7921336640000618],[125.60464827300007,8.7920577450000224],[125.6048055330001,8.7920902810000712],[125.60487060600008,8.792171622000069],[125.60497363900004,8.7923668420000354],[125.60500075200002,8.7925512160000494],[125.60501159800003,8.7927518590000204],[125.60509293900009,8.7929470780000543],[125.60515801200006,8.7931043380000347],[125.6052393540001,8.7931911030000265],[125.60534238700006,8.7931911030000265],[125.60541288200011,8.7931748340000695],[125.60547253300001,8.7932073710000509],[125.60546711000006,8.7932670210000765],[125.60542915100007,8.7933754760000511],[125.60540203700009,8.7934622400000535],[125.60532069500005,8.7935435820000407],[125.6051905490001,8.7935544280000499],[125.60502786600011,8.7935164690000533],[125.60495194700002,8.7934459730000754],[125.60485433700001,8.7933592080000267],[125.60477299600007,8.7933212490000301],[125.60467538600005,8.7933646310000313],[125.60467538600005,8.7935598500000651],[125.60479468700009,8.7937279560000547],[125.60490856500007,8.7938255660000664],[125.60498448300007,8.7939448670000502],[125.60505498000009,8.7940479000000664],[125.60532611800011,8.7941238180000596],[125.60552133700003,8.7941129730000398],[125.60565148400008,8.7941021270000306],[125.60586839500002,8.794085859000063],[125.60616122400006,8.7941292410000642],[125.60643778400004,8.7941943140000376],[125.60652997200009,8.7941129730000398],[125.60664385000007,8.7940424770000618],[125.60681195500001,8.793901485000049],[125.60692041100003,8.7935381590000361],[125.60713189800003,8.7932236390000753],[125.60731085000009,8.7930663790000381],[125.60755487400002,8.7929470780000543],[125.60769044400001,8.7928169320000507],[125.60777720800002,8.7928060860000414],[125.60795615900008,8.7929091190000577],[125.60848216700003,8.7932399070000429],[125.60868823200008,8.7933483630000637],[125.60874246000003,8.793521892000058],[125.60862315800011,8.7936249230000385],[125.60858520000011,8.7937062650000257],[125.60865027300008,8.7937767610000606],[125.60876415100006,8.7937821840000652],[125.60893225600012,8.7938255660000664],[125.60904613500009,8.793863525000063],[125.60920881800007,8.7938201440000512],[125.60937150000007,8.7937333790000594],[125.60947995600009,8.7937279560000547],[125.60950164700012,8.7938147210000466],[125.60955045100002,8.7939611350000746],[125.60965348400009,8.7940804360000584],[125.60972940300007,8.7941943140000376],[125.60966975300005,8.7943841100000668],[125.60962094700005,8.7945251020000228],[125.60961552400011,8.7946715170000402],[125.6096643300001,8.7948287770000206],[125.60972398000001,8.7949318100000369],[125.60990293100008,8.7949263870000323],[125.61004392300003,8.7948396230000299],[125.61010357400005,8.7947040540000216],[125.61026083400009,8.7945847530000378],[125.61039098000003,8.7944708750000586],[125.61039098000003,8.794270233000077],[125.61034217500003,8.794096704000026],[125.61026083400009,8.7939611350000746],[125.61024456500002,8.7938418340000339],[125.61021202800009,8.7936954190000733],[125.61030421600003,8.7935761190000221],[125.61036386600006,8.7935056230000441],[125.61032590700006,8.7934297040000615],[125.61027710200005,8.7933700540000359],[125.61016864700002,8.7933320940000499],[125.61008730500009,8.7932453300000475],[125.61006019100012,8.7931151840000439],[125.61006561400006,8.7930121510000276],[125.61017949200004,8.7929687690000264],[125.61024998800008,8.7929687690000264],[125.61042351700007,8.7930338420000567],[125.61056450900003,8.7930338420000567],[125.6107434590001,8.7930446880000659],[125.61095494800009,8.7931748340000695],[125.61107967100008,8.7933158260000255],[125.61124777700002,8.7933917440000755],[125.61133454100002,8.7934405500000707],[125.61145926500001,8.7935923870000465],[125.61164363900002,8.7936954190000733],[125.61176293900007,8.7938743710000722],[125.61177378500008,8.7940153630000282],[125.61169244400003,8.7941834690000746],[125.61154602900001,8.7943298830000458],[125.61145384200006,8.794411225000033],[125.61129658200002,8.7944491840000296],[125.6111772810001,8.7944871430000262],[125.61109051700009,8.7945088350000447],[125.6109657930001,8.7945684850000703],[125.61093867900001,8.7947311680000553],[125.61084649200006,8.7948342000000252],[125.61068923200003,8.7949480780000613],[125.61066211800005,8.7950782250000543],[125.61071092300006,8.7952192160000209],[125.61078141900009,8.7954035910000243],[125.61084649200006,8.7955174680000709],[125.61096037100003,8.7956421920000594],[125.61115559000007,8.7957669160000478],[125.61130200400009,8.7958102970000596],[125.61145500100008,8.7958100710000622],[125.6116078120001,8.7958008490000452],[125.61174613200001,8.7958034840000323],[125.61184493200005,8.7958100710000622],[125.61191606800003,8.7957863590000329],[125.61197666600003,8.7957297140000605],[125.61204384900009,8.7956928280000284],[125.61215318800009,8.7956625300000724],[125.61233102800009,8.7956401350000419],[125.61249496500011,8.7956101780000608],[125.61271981100003,8.7956013610000241],[125.61286970900005,8.7955881340000701],[125.61300637900001,8.7955881340000701],[125.61310564500002,8.7956311400000686],[125.61313700000005,8.7956656310000767],[125.61318403200005,8.7957252050000534],[125.6132488610001,8.795768894000048],[125.61338112300007,8.7957777100000385],[125.61351338600002,8.795768894000048],[125.61363241400011,8.7957910520000269],[125.61373275000005,8.7958349490000387],[125.61383622300002,8.7959007950000228],[125.61392715300008,8.796026217000076],[125.61391147600011,8.7961202820000608],[125.61385817100006,8.7962112120000597],[125.61382054600006,8.7963617190000605],[125.61382054600006,8.7965247660000614],[125.61380173200007,8.7966564580000295],[125.6138424940001,8.7967285750000315],[125.61394910200011,8.7967912860000297],[125.61407765900003,8.7968006920000335],[125.61421562200007,8.7967912860000297],[125.61435358500012,8.7967003560000308],[125.61443510900006,8.7965310370000225],[125.61452290400007,8.7963962090000223],[125.61463264800011,8.796308414000066],[125.61476747500001,8.7961861290000343],[125.61486781200006,8.7959290150000697],[125.61499950500001,8.7956687660000625],[125.61514060400009,8.7955088540000474],[125.6152566180001,8.7954931770000258],[125.61546356300005,8.7955778350000742],[125.6155544930001,8.7957032570000706],[125.61558898400006,8.7958192720000739],[125.61551059600004,8.7960826560000669],[125.61549491900007,8.796255110000061],[125.61551059600004,8.7963773960000253],[125.61552313800007,8.7965341730000546],[125.61556076400007,8.7966188320000356],[125.6155262740001,8.7966784070000585],[125.61550432500007,8.7967411170000673],[125.61554508600011,8.7967944210000724],[125.61559525500002,8.7968100990000266],[125.61596838300011,8.7967599300000643],[125.61608753300004,8.7966972200000555],[125.61617219300001,8.7965529850000621],[125.61625998700003,8.796405615000026],[125.61631015600005,8.7962268900000709],[125.61636346100011,8.7960544360000767],[125.61641362800003,8.7959697770000389],[125.61656099800007,8.7959133370000586],[125.61666447100004,8.7959227440000518],[125.6168526030001,8.7959823190000748],[125.61699056600003,8.7960951980000459],[125.61701565100009,8.7962582450000468],[125.61691531300005,8.7963679890000321],[125.61674285900006,8.7964651910000384],[125.61663938700008,8.7966156960000603],[125.61657981100007,8.7967724720000433],[125.61645752600009,8.7970922960000735],[125.6164104930001,8.797487373000024],[125.61638540800004,8.7977382150000381],[125.61646379700005,8.7979294830000754],[125.6165453210001,8.7980235490000496],[125.61671150400002,8.7980110070000705],[125.61687455200001,8.7980768530000546],[125.61698116000002,8.7981176150000238],[125.61705327600009,8.7980486340000539],[125.61699056600003,8.7979263470000433],[125.61686828100005,8.7978071970000542],[125.6168808220001,8.7976660990000255],[125.61701251500006,8.797578303000023],[125.61713793600006,8.7975344070000574],[125.61734801700004,8.7974811020000629],[125.61753928400003,8.797443476000069],[125.61769606100006,8.797515593000071],[125.61775877100001,8.7976284720000422],[125.61785597300002,8.7978071970000542],[125.61795003800012,8.7979702450000445],[125.61807859500004,8.7981082080000306],[125.61815384800002,8.7981270210000275],[125.61823850700011,8.7981144790000485],[125.61841096100011,8.7981113440000627],[125.61863044800009,8.7981238860000417],[125.61890637500005,8.7982493070000487],[125.61932026500006,8.798431168000036],[125.61973729100009,8.7986851460000253],[125.61985957600007,8.798766669000031],[125.62005084400005,8.7988764140000626],[125.62027346600007,8.7990175120000345],[125.62042397100004,8.7992495410000515],[125.62046473300006,8.7993812340000659],[125.62041770100006,8.7995975850000718],[125.6203048210001,8.7998546990000364],[125.62021389100005,8.8000208820000694],[125.62020134900001,8.8001682520000486],[125.62028600800011,8.8003501120000465],[125.62055252900007,8.8006699360000766],[125.62067167800001,8.8007890860000657],[125.62090997900009,8.8008517970000639],[125.62128624200011,8.8008173060000559],[125.62151200000005,8.8007169700000532],[125.62175343700005,8.8006511230000228],[125.62181614700012,8.800563329000056],[125.62192589100005,8.8004065520000267],[125.6220129730001,8.8010605510000346],[125.62161280000009,8.8046120890000452],[125.62151275600002,8.8065129120000734],[125.62161280000009,8.8071631940000543],[125.62191293000001,8.8084637580000731],[125.62186290800003,8.8098643650000668],[125.62101254000004,8.8117151660000559],[125.61941184700004,8.8137660540000411],[125.61806126200008,8.8160670510000614],[125.61586564600009,8.8221424030000435],[125.61588450500005,8.8234934880000537],[125.61565018800002,8.8299058590000641]]]},"properties":{"objectid":22607,"gthcode":"8011602020600000","globalid":"{B5075420-90D8-4750-9F69-21B3AEF47B43}","st_area(shape)":0.0013366228082839961,"reg_name":"Region XIII (Caraga)","prov_name":"Agusan del Norte","city_name":"Butuan City","brgy_name":"Maguinda","reg_code":"160000000","prov_code":"160200000","city_code":"160202000","brgy_code":"160202060","psgc_10d":"1630400060","geographic_level":"Bgy","old_names":"","class":"Highly Urbanized Cities (HUC)","income_class":"","urban_rural2015":"R","bgypop2015":3600,"bgypop2020":3706,"bgyarea_sqkm":16.2634437,"gida":"No","gida_yr":null,"st_perimeter(shape)":0.16231464193979134,"created_user":null,"created_date":null,"last_edited_user":"ADMIN2","last_edited_date":1748789493000}},{"type":"Feature","id":22691,"geometry":{"type":"Polygon","coordinates":[[[125.57736948100012,8.9381684290000294],[125.57592361700006,8.9377770420000502],[125.57584944200005,8.9377770420000502],[125.57576290500003,8.9378388550000523],[125.57517362400006,8.9383745650000606],[125.57453077200012,8.9388979120000727],[125.57444011300004,8.9389514830000394],[125.5743700590001,8.9389885710000385],[125.57423333800011,8.9390475480000759],[125.57415989600008,8.9390792300000612],[125.57234638900002,8.9398081380000463],[125.57207901000004,8.9398333620000585],[125.57155938700009,8.9397980490000464],[125.57135254700006,8.9396366120000721],[125.57093382200003,8.9396214780000491],[125.57059076900009,8.9395861630000581],[125.57029312100008,8.9394449060000625],[125.5700610560001,8.9393036500000562],[125.56978358800006,8.9391472580000482],[125.56961206100004,8.938955553000028],[125.56945651100011,8.938804206000043],[125.56933543300011,8.9386360430000309],[125.56922108200001,8.938474607000046],[125.56915381800002,8.9383131710000612],[125.56904283000006,8.9381651870000383],[125.56893184300009,8.9380138400000533],[125.56877377000001,8.9378557680000768],[125.5686493290001,8.9377145110000242],[125.56852152500005,8.9375396220000312],[125.56841642300003,8.9373714580000296],[125.5682802120001,8.937169663000077],[125.56811877500002,8.9369830020000336],[125.56790689000002,8.9368266100000255],[125.56772022900009,8.9366803090000531],[125.5674698790001,8.9365878130000738],[125.56733681800006,8.9364785130000541],[125.5672258300001,8.9363120330000356],[125.56714511200005,8.9361657310000737],[125.56699881000009,8.9360345640000673],[125.56689286800008,8.93586808200007],[125.56681719500011,8.9357066460000283],[125.56668098200009,8.9356612420000374],[125.56651954600011,8.935646107000025],[125.56640351400006,8.9357974540000669],[125.56626225700006,8.9358983520000379],[125.56606550600009,8.9359588900000517],[125.56578803700006,8.9360143840000319],[125.56548534500007,8.936004295000032],[125.56523310000011,8.9360396080000442],[125.56496572200001,8.9360900580000475],[125.5647588810001,8.9361859100000629],[125.56455708600004,8.9361909550000291],[125.56436033500006,8.9361253720000491],[125.56425439200007,8.9360295190000443],[125.56420898900001,8.93586808200007],[125.56414845000006,8.9356410630000482],[125.56406268700005,8.9355553000000327],[125.56391638600007,8.9355603440000664],[125.56376503900003,8.9357268260000637],[125.56358846800003,8.9358983520000379],[125.56335135800009,8.936019429000055],[125.56308902400008,8.9361304160000259],[125.56281155500005,8.9362817630000677],[125.56253408600003,8.9363170770000693],[125.5623978750001,8.9361606860000506],[125.56225661700012,8.9360698780000689],[125.5620649120001,8.9359891600000765],[125.5618530270001,8.9360951030000706],[125.56166132100009,8.9359588900000517],[125.5614998850001,8.9358327690000579],[125.5610685470001,8.9362548570000513],[125.56081966600004,8.9364331090000633],[125.56049343000007,8.9365440970000236],[125.56018737400007,8.9366517210000325],[125.55991495000001,8.9367559820000224],[125.55960216700009,8.9368568800000503],[125.55924566200008,8.9369611410000402],[125.55895642100006,8.9370418590000327],[125.55870417800008,8.9371225770000251],[125.55842502700011,8.9371999320000555],[125.55819968800006,8.9373008300000265],[125.55789755600006,8.9374549790000515],[125.55755674600005,8.9375603620000561],[125.55722490400001,8.9376186580000763],[125.55703656200001,8.9376590170000441],[125.55680113400001,8.9377464610000743],[125.55649619900009,8.937941530000046],[125.55625852900005,8.9381074510000644],[125.55612175600004,8.9382173170000669],[125.55577197800005,8.9385827910000444],[125.55185658300002,8.9365893350000647],[125.54953215900002,8.9348225670000261],[125.55016182100007,8.9337341520000564],[125.55044896000004,8.9332232140000656],[125.55077349300007,8.9326457370000298],[125.55115129000001,8.9316652640000598],[125.55146059600008,8.9308968150000396],[125.55147511600001,8.9307927320000431],[125.55185584800006,8.9295024540000441],[125.55218390300001,8.9280636680000498],[125.55238285100006,8.9271309420000762],[125.5527495550001,8.9255657770000312],[125.55302890100006,8.9243382270000211],[125.5533908860001,8.9227241920000324],[125.55341500500003,8.9226173290000474],[125.55382113000007,8.9208178880000446],[125.56227450600011,8.9226696360000233],[125.5699941690001,8.9243979420000414],[125.58644090900009,8.9320105120000335],[125.57736948100012,8.9381684290000294]]]},"properties":{"objectid":22691,"gthcode":"8011602020610000","globalid":"{F15A3EAF-1BA3-4C7F-8408-32DF18B6AA10}","st_area(shape)":0.0004050122222172065,"reg_name":"Region XIII (Caraga)","prov_name":"Agusan del Norte","city_name":"Butuan City","brgy_name":"Mahay","reg_code":"160000000","prov_code":"160200000","city_code":"160202000","brgy_code":"160202061","psgc_10d":"1630400061","geographic_level":"Bgy","old_names":"","class":"Highly Urbanized Cities (HUC)","income_class":"","urban_rural2015":"R","bgypop2015":4062,"bgypop2020":4874,"bgyarea_sqkm":4.9264736100000004,"gida":"No","gida_yr":null,"st_perimeter(shape)":0.093533581906377866,"created_user":null,"created_date":null,"last_edited_user":"ADMIN2","last_edited_date":1748789493000}},{"type":"Feature","id":22760,"geometry":{"type":"Polygon","coordinates":[[[125.5537077780001,8.9599668450000536],[125.55371790000004,8.9601926470000421],[125.55370960700009,8.9603253320000249],[125.55367863600009,8.9605036010000276],[125.5533727830001,8.9615634130000217],[125.55226272700008,8.9653878910000344],[125.55179968000004,8.967024287000072],[125.54863285600004,8.9669921010000735],[125.54682727400007,8.9660703890000377],[125.54496278100009,8.9652040220000231],[125.54327296400004,8.964285645000075],[125.54327849200001,8.9639424660000486],[125.54328350100002,8.9636323390000712],[125.54326242700006,8.962462710000068],[125.54325188900009,8.9618726270000479],[125.54321500900005,8.960601137000026],[125.54325715800007,8.960018079000065],[125.54327120800008,8.9593507240000463],[125.54333443100006,8.9589503100000343],[125.54340819400011,8.9584462700000245],[125.54350302600005,8.9577982430000702],[125.5434046790001,8.9571589860000245],[125.54336955500003,8.9566883240000266],[125.54334145600001,8.956231712000033],[125.54336955500003,8.9557118770000557],[125.54351707500007,8.9552131160000386],[125.54781282400006,8.9562312890000726],[125.5501439300001,8.9550530940000499],[125.55250764900006,8.9555023030000598],[125.55228069600003,8.9570001350000439],[125.55289555200011,8.9577218710000466],[125.55319320000001,8.958226360000026],[125.55340508500001,8.9585895910000204],[125.55358165600012,8.9590335410000534],[125.55366237500004,8.9595077610000544],[125.5537077780001,8.9599668450000536]]]},"properties":{"objectid":22760,"gthcode":"8011602020620000","globalid":"{E982E938-F218-4CAC-8CDF-C4AC60B46879}","st_area(shape)":0.00010200404566276999,"reg_name":"Region XIII (Caraga)","prov_name":"Agusan del Norte","city_name":"Butuan City","brgy_name":"Mahogany Pob. (Bgy. 21)","reg_code":"160000000","prov_code":"160200000","city_code":"160202000","brgy_code":"160202062","psgc_10d":"1630400062","geographic_level":"Bgy","old_names":"Bgy. 21","class":"Highly Urbanized Cities (HUC)","income_class":"","urban_rural2015":"U","bgypop2015":5218,"bgypop2020":6162,"bgyarea_sqkm":1.24065369,"gida":"No","gida_yr":null,"st_perimeter(shape)":0.03994569293471429,"created_user":null,"created_date":null,"last_edited_user":"ADMIN2","last_edited_date":1748789493000}},{"type":"Feature","id":22768,"geometry":{"type":"Polygon","coordinates":[[[125.63025214800007,8.8472659250000447],[125.63012429000003,8.8485867500000381],[125.62907748800001,8.8531434190000482],[125.62819734100003,8.8543711540000345],[125.62626438600012,8.8562115400000607],[125.6246551050001,8.857027831000039],[125.61454432400001,8.8613379210000289],[125.61287967800001,8.8606720620000488],[125.60788720900007,8.8576748680000605],[125.60159383100006,8.850395322000054],[125.59715172200004,8.8468599360000439],[125.59528305900005,8.8453766630000246],[125.59513042700007,8.8452200160000416],[125.59489344700012,8.8450714010000411],[125.59477294900012,8.8449950850000505],[125.59469261700008,8.84490672000004],[125.59464843400008,8.8448022880000394],[125.59460826800012,8.8446978560000389],[125.59459621800011,8.8445090750000759],[125.59450383600006,8.8431675270000483],[125.59446768600003,8.8429305480000266],[125.59440743700009,8.842368221000072],[125.59435923800004,8.8420147600000405],[125.59428292300004,8.8414845670000659],[125.59425480600009,8.8412998030000267],[125.59423874000004,8.8411110220000637],[125.59424677200002,8.8408820750000245],[125.59427087300003,8.8407254280000416],[125.59429497200006,8.8405607470000405],[125.5943110390001,8.84038401600003],[125.59429898900009,8.8401831850000576],[125.59428500700005,8.8400543860000766],[125.59423258200002,8.8399087590000249],[125.59420054400005,8.8398446830000239],[125.59415103100002,8.8397806060000335],[125.59399666600007,8.8396466300000611],[125.59374618700008,8.839457315000061],[125.59361934900005,8.8394059840000523],[125.59280960000001,8.8392248560000439],[125.59261781700002,8.8391822380000349],[125.59252725300007,8.8391183110000497],[125.59248463500012,8.8390437280000356],[125.59247398000002,8.8389425100000381],[125.5924952900001,8.8388466180000478],[125.59326124100005,8.8375643600000444],[125.59408496900005,8.8362841520000757],[125.59461107400011,8.8354275460000622],[125.59476620700002,8.8352791570000591],[125.59496855600003,8.835177983000051],[125.59556210900007,8.8349958710000465],[125.59580492700002,8.834894696000049],[125.59606687600001,8.8346927490000553],[125.59624809000002,8.834482036000054],[125.59656415900008,8.8341111800000363],[125.59682122900006,8.8337951100000396],[125.59698137200007,8.8336560390000614],[125.61565018800002,8.8299058590000641],[125.63025214800007,8.8472659250000447]]]},"properties":{"objectid":22768,"gthcode":"8011602020630000","globalid":"{80B15469-63F5-40ED-9C30-23422B38BB8B}","st_area(shape)":0.00073955763311194011,"reg_name":"Region XIII (Caraga)","prov_name":"Agusan del Norte","city_name":"Butuan City","brgy_name":"Maibu","reg_code":"160000000","prov_code":"160200000","city_code":"160202000","brgy_code":"160202063","psgc_10d":"1630400063","geographic_level":"Bgy","old_names":"","class":"Highly Urbanized Cities (HUC)","income_class":"","urban_rural2015":"R","bgypop2015":1492,"bgypop2020":1412,"bgyarea_sqkm":8.997858729999999,"gida":"No","gida_yr":null,"st_perimeter(shape)":0.10510859496671396,"created_user":null,"created_date":null,"last_edited_user":"ADMIN2","last_edited_date":1748789493000}},{"type":"Feature","id":23733,"geometry":{"type":"Polygon","coordinates":[[[125.6325822340001,8.7588624360000722],[125.63345603500011,8.7627945390000264],[125.63312835900001,8.7645967540000242],[125.63236378500005,8.7662897420000263],[125.63034312000002,8.7690749820000633],[125.62865013100009,8.7707679710000548],[125.62417190300005,8.7736078230000771],[125.62247891400011,8.7738262730000542],[125.61616048300004,8.7787599230000524],[125.61114957500001,8.7770476620000295],[125.61022948000004,8.7768724050000628],[125.60922175600001,8.7768285910000259],[125.60817021900004,8.7774858020000579],[125.60668054100006,8.7780553850000729],[125.6053661200001,8.778624968000031],[125.60435839600007,8.7790631090000488],[125.6024743910001,8.7791945500000566],[125.60164192500008,8.7791945500000566],[125.59704144800003,8.777529616000038],[125.59664712100005,8.7771791040000267],[125.59572466700001,8.7764358890000267],[125.59542416000011,8.7758348750000437],[125.59564954000007,8.7752338620000501],[125.59632568000006,8.7748206660000392],[125.59685156600005,8.7747455390000368],[125.59733989000006,8.7746328500000459],[125.5977906490001,8.7741069630000652],[125.59797846600009,8.7737313300000324],[125.59794090200012,8.7729800640000235],[125.59752770600005,8.7722663610000495],[125.59688913000002,8.7718156010000712],[125.58425747500007,8.7660165480000387],[125.58446261500001,8.765413193000029],[125.5846798230001,8.7645684980000738],[125.58480049400009,8.7636876000000257],[125.58486082900004,8.7626860330000227],[125.58487815500007,8.7619613800000593],[125.58477589800009,8.7613785120000216],[125.58456115700005,8.7607649660000675],[125.58444867300011,8.7603763870000648],[125.58424415800005,8.7600798400000599],[125.58399874100007,8.7597730680000723],[125.58364083900005,8.7595174240000233],[125.58338519500012,8.7591492970000218],[125.58329316300001,8.758822073000033],[125.58343632300011,8.7581778500000382],[125.58368174200007,8.7578301750000378],[125.58425438500001,8.7570121140000765],[125.58509289600011,8.7564190210000561],[125.58643716300003,8.7557348720000618],[125.58712161700009,8.7554639420000626],[125.58800570500011,8.7553498670000636],[125.58894682900007,8.7557063540000399],[125.59352411900011,8.7573319320000564],[125.59504988100002,8.7579450900000211],[125.59567729800006,8.7581304630000432],[125.59621915700006,8.7580876850000209],[125.5965899040001,8.7577597160000664],[125.59680379600002,8.7572891540000342],[125.59668972000009,8.7564478460000714],[125.59621915700006,8.7556920940000396],[125.59534933000009,8.7548650450000309],[125.59328170700007,8.7529685360000258],[125.59251169600009,8.7519418540000515],[125.59201579900002,8.7504084840000473],[125.59182229600003,8.74873145600003],[125.60305527300011,8.7489803380000239],[125.60483124600012,8.7489866580000353],[125.61266076200002,8.7491230600000449],[125.61744234600008,8.7492427960000327],[125.62018518800005,8.7506159430000707],[125.62346194000008,8.7516535810000278],[125.62444928500008,8.7518244690000415],[125.62630179200005,8.7521450940000705],[125.62897780700007,8.7540019210000537],[125.6325822340001,8.7588624360000722]]]},"properties":{"objectid":23733,"gthcode":"8011602020640000","globalid":"{05F17C23-FFBC-4155-8C0B-DB6DC018B97B}","st_area(shape)":0.0010834857381165825,"reg_name":"Region XIII (Caraga)","prov_name":"Agusan del Norte","city_name":"Butuan City","brgy_name":"Mandamo","reg_code":"160000000","prov_code":"160200000","city_code":"160202000","brgy_code":"160202064","psgc_10d":"1630400064","geographic_level":"Bgy","old_names":"","class":"Highly Urbanized Cities (HUC)","income_class":"","urban_rural2015":"R","bgypop2015":859,"bgypop2020":903,"bgyarea_sqkm":13.185122660000001,"gida":"No","gida_yr":null,"st_perimeter(shape)":0.14938815848599499,"created_user":null,"created_date":null,"last_edited_user":"ADMIN2","last_edited_date":1748789493000}},{"type":"Feature","id":23917,"geometry":{"type":"Polygon","coordinates":[[[125.55298449300005,8.8146591660000695],[125.54972829200005,8.8145432860000597],[125.54646010500005,8.8144269810000537],[125.52549053600001,8.8138714940000682],[125.52499989600005,8.8218895390000398],[125.52456283800007,8.8256225020000443],[125.52350988900002,8.832158262000064],[125.52164763100006,8.8316919180000468],[125.49296719400002,8.8316892930000677],[125.48102506000009,8.8318490540000312],[125.46689333600011,8.8309528280000222],[125.46692188400004,8.8221401460000379],[125.46680705600011,8.8157675210000548],[125.47164329600002,8.8123718960000588],[125.48284398200008,8.8044583870000679],[125.49048686600008,8.7960248610000349],[125.49763153600009,8.7964821970000457],[125.52659003400004,8.7967958730000646],[125.53812863700011,8.7979537530000584],[125.55103931600001,8.7992352570000207],[125.55209028500008,8.8073799800000643],[125.55298449300005,8.8146591660000695]]]},"properties":{"objectid":23917,"gthcode":"8011602020650000","globalid":"{7D161A93-0A0D-49C2-914C-532D10E5C2A7}","st_area(shape)":0.0022291328659393224,"reg_name":"Region XIII (Caraga)","prov_name":"Agusan del Norte","city_name":"Butuan City","brgy_name":"Manila de Bugabus","reg_code":"160000000","prov_code":"160200000","city_code":"160202000","brgy_code":"160202065","psgc_10d":"1630400065","geographic_level":"Bgy","old_names":"","class":"Highly Urbanized Cities (HUC)","income_class":"","urban_rural2015":"R","bgypop2015":3785,"bgypop2020":3763,"bgyarea_sqkm":27.123081290000002,"gida":"Yes","gida_yr":"2023","st_perimeter(shape)":0.22504814370950196,"created_user":null,"created_date":null,"last_edited_user":"ADMIN2","last_edited_date":1748789466000}},{"type":"Feature","id":24093,"geometry":{"type":"Polygon","coordinates":[[[125.54953215900002,8.9348225670000261],[125.54884852700002,8.9355601720000664],[125.5482998220001,8.9360009350000382],[125.54739131000008,8.9364776780000739],[125.54729557200005,8.936534770000037],[125.54641083600006,8.9370623640000417],[125.5458801210001,8.9376110690000701],[125.54542136800001,8.9378989140000726],[125.54372049700009,8.9370139960000756],[125.54334776700011,8.9367612600000257],[125.54288178500008,8.9365274030000705],[125.54283328100007,8.9365048830000546],[125.5396803540001,8.9342209610000509],[125.53967543200008,8.9336362910000275],[125.53967048300001,8.9330188810000664],[125.53966784600004,8.9326976960000479],[125.5396652820001,8.9323853530000292],[125.53966374700008,8.9321984720000387],[125.53966239800002,8.9319898650000482],[125.53967103000002,8.9292965730000446],[125.53966722400003,8.9277717170000415],[125.54103040500001,8.9278403440000602],[125.54531792400007,8.9303729580000208],[125.54722368300008,8.9315485890000446],[125.54825911400007,8.9321826760000249],[125.54864902000008,8.9324318940000467],[125.55044896000004,8.9332232140000656],[125.55016182100007,8.9337341520000564],[125.54953215900002,8.9348225670000261]]]},"properties":{"objectid":24093,"gthcode":"8011602020660000","globalid":"{963524C5-F9EB-442B-B48F-8FA6419F5B1B}","st_area(shape)":6.2856340347648606e-05,"reg_name":"Region XIII (Caraga)","prov_name":"Agusan del Norte","city_name":"Butuan City","brgy_name":"Maon Pob. (Bgy. 1)","reg_code":"160000000","prov_code":"160200000","city_code":"160202000","brgy_code":"160202066","psgc_10d":"1630400066","geographic_level":"Bgy","old_names":"Bgy. 1","class":"Highly Urbanized Cities (HUC)","income_class":"","urban_rural2015":"U","bgypop2015":5072,"bgypop2020":5261,"bgyarea_sqkm":0.76456540000000006,"gida":"No","gida_yr":null,"st_perimeter(shape)":0.032537477532733422,"created_user":null,"created_date":null,"last_edited_user":"ADMIN2","last_edited_date":1748789493000}},{"type":"Feature","id":24506,"geometry":{"type":"Polygon","coordinates":[[[125.50460142700001,8.9864254800000367],[125.50125934900007,8.9994956940000748],[125.49914947000002,9.0073669810000752],[125.49919507800007,9.007395119000023],[125.49918639200007,9.0074286310000389],[125.49901047800006,9.0073336260000474],[125.49829579600009,9.0068907700000409],[125.49808540400011,9.0067277240000294],[125.49789766900005,9.0065646780000748],[125.49751572800005,9.0062897380000209],[125.49697860100002,9.0059104940000339],[125.49648467000009,9.0055471660000421],[125.49568666400012,9.0049284060000332],[125.4955011290001,9.004786154000044],[125.49545580200004,9.0047592920000739],[125.49543993700001,9.0047458610000604],[125.49542860600002,9.0047391450000305],[125.49542180600008,9.0047369070000514],[125.49540140900001,9.0047234750000484],[125.49534475100006,9.0046921360000738],[125.49533795200011,9.0046854210000333],[125.49531075600009,9.0046675130000722],[125.49529489100007,9.0046540820000587],[125.49524503100008,9.0046339350000721],[125.49523370000009,9.0046316960000468],[125.49522463400001,9.0046249810000631],[125.49521330200002,9.0046227420000378],[125.49488176300008,9.0044481360000646],[125.4947208530001,9.0043429250000599],[125.49448126100003,9.0041653900000256],[125.49373337200007,9.0035207000000241],[125.4934334730001,9.003251328000033],[125.49343120700007,9.003242374000024],[125.49341760900006,9.0032244660000629],[125.49341307700001,9.0032155120000539],[125.49340627800007,9.0032065580000449],[125.49339268000006,9.0031931270000314],[125.49337681600002,9.0031819350000433],[125.49336775100005,9.0031774580000388],[125.49334735400009,9.0031685030000403],[125.49333828800002,9.0031662650000612],[125.4933224240001,9.0031550720000268],[125.49331335900001,9.0031505950000223],[125.49328616300011,9.0031259710000313],[125.49327483100001,9.0031192560000477],[125.49325896700009,9.0031125400000747],[125.4932476350001,9.0031103010000493],[125.49321817300006,9.0030946320000567],[125.49321364000002,9.0030879160000268],[125.4931977760001,9.0030767240000387],[125.49318191200007,9.0030610540000566],[125.49314791800009,9.003011807000064],[125.49314111900003,9.0030028540000444],[125.49312752100002,9.0029894230000309],[125.49310939100008,9.0029737530000489],[125.49307992800004,9.0029603220000354],[125.49307312900009,9.0029536060000623],[125.49305726500006,9.0029446520000533],[125.49303913500012,9.0029312210000398],[125.49303460200008,9.0029245050000668],[125.49301420500001,9.0029110740000533],[125.4930119390001,9.0029065970000488],[125.49299380800005,9.0028931660000353],[125.49298701000009,9.0028842120000263],[125.49297794400002,9.0028774970000427],[125.49297114600006,9.0028685430000337],[125.49252467800011,9.0026223020000771],[125.49210968000011,9.0024049400000763],[125.49202582600003,9.002373599000066],[125.49199409700009,9.0023735980000765],[125.49197369900003,9.0023847900000646],[125.49195103500006,9.0024004580000678],[125.49194423600011,9.0024071740000409],[125.49192837100009,9.0024161270000604],[125.49190117400008,9.0024362720000681],[125.49183091800012,9.0024004550000427],[125.49191704300006,9.0022862970000688],[125.49185422400001,9.0022348110000507],[125.4918383590001,9.0022280950000209],[125.49179529900005,9.0022012330000507],[125.4917885000001,9.0021989940000253],[125.4917771690001,9.0021900400000732],[125.49175677300002,9.0021564620000731],[125.49175450700011,9.0021497470000327],[125.49174544100003,9.0021430310000596],[125.49173184400001,9.0021296000000461],[125.49172731100009,9.002118408000058],[125.49172731200008,9.0020982620000609],[125.49173184500012,9.0020893080000519],[125.49175450900009,9.0020714010000233],[125.49176584100007,9.0020669250000651],[125.49179303700009,9.0020602100000247],[125.49180890200012,9.002049019000026],[125.49185649700007,9.0020087280000212],[125.49186329600002,9.001999774000069],[125.49187689500002,9.0019863440000449],[125.49190100200008,9.0019666950000214],[125.49190100200008,9.0019577410000693],[125.49189646900004,9.0019487870000603],[125.49188513800004,9.0019420720000767],[125.49186474100009,9.0019375940000259],[125.49184207700011,9.0019375940000259],[125.49181034700007,9.0019622160000381],[125.49179221600002,9.0019711690000577],[125.49177408500009,9.0019756450000727],[125.4916358370001,9.0019756410000582],[125.49162903800004,9.0019734020000328],[125.49161544000003,9.0019734020000328],[125.49160410900004,9.0019689250000283],[125.49159504300007,9.0019689250000283],[125.49157691200003,9.0019644470000344],[125.49155424900005,9.0019622080000659],[125.49153385200009,9.0019577300000719],[125.4915225200001,9.0019577300000719],[125.49151345500002,9.0019554910000465],[125.49148852500002,9.0019532520000212],[125.49147946000005,9.0019487750000735],[125.49146586200004,9.0019487750000735],[125.49144546500008,9.0019420590000436],[125.49143639900001,9.0019420580000542],[125.49142960000006,9.0019375810000497],[125.49136161000001,9.0019263870000259],[125.49135254500004,9.0019219100000214],[125.49133668000002,9.0019196710000529],[125.49132761500005,9.0019151940000484],[125.49131628300006,9.001912955000023],[125.49126415800004,9.0018883310000319],[125.49125962500011,9.0018838540000274],[125.4912460270001,9.0018771380000544],[125.49119843500011,9.0018390830000499],[125.49118937000003,9.0018301290000409],[125.49118483800009,9.0018211750000319],[125.49118030500006,9.0018055060000393],[125.4911735070001,9.0017943130000617],[125.49115764200008,9.0017853590000527],[125.49113724500012,9.0017808810000588],[125.49111684800005,9.0017786420000334],[125.49109191900004,9.0017584960000363],[125.49107605500001,9.0017428260000543],[125.49106019100009,9.0017316330000767],[125.49103979400002,9.0017271560000722],[125.49102392900011,9.001727155000026],[125.49100579900005,9.001727155000026],[125.49099220000005,9.001731631000041],[125.49096953700007,9.0017316300000516],[125.49095820500008,9.0017271530000471],[125.49094234100005,9.0017181990000381],[125.49092194400009,9.0017114830000651],[125.49090608000006,9.0016980520000516],[125.49088794900001,9.001686859000074],[125.49088341700008,9.0016801430000442],[125.49087435100012,9.0016734280000605],[125.4908607540001,9.0016555200000425],[125.49084035700002,9.001635373000056],[125.49083129200005,9.0016241800000216],[125.49078823200011,9.0015950790000261],[125.49068786400005,9.0015816460000337],[125.49067879900008,9.0015816450000443],[125.49065160200007,9.0015905980000639],[125.49063800400006,9.0016040280000311],[125.4906289380001,9.0016107430000716],[125.49060854100003,9.0016152200000761],[125.49058587700006,9.0016152190000298],[125.49055641500001,9.0016085030000568],[125.49053375100004,9.0016062640000314],[125.49052241900006,9.0016085020000673],[125.49051335400009,9.0016129780000256],[125.49049069000012,9.0016174540000407],[125.49030711600005,9.0016174480000473],[125.49027765300002,9.0016084940000383],[125.49026858800005,9.0016017780000652],[125.49024819100009,9.0015928240000562],[125.49019153300003,9.0015793910000639],[125.49016207000011,9.0015771510000491],[125.49015300500002,9.0015726740000446],[125.49014394000005,9.0015726740000446],[125.49013487400009,9.0015681970000401],[125.49012580900012,9.0015681960000506],[125.49010767800007,9.0015592420000416],[125.49008274900007,9.0015390950000551],[125.49007141800007,9.0015346180000506],[125.49006008600008,9.0015346170000612],[125.49005102000001,9.0015323790000252],[125.48999209500005,9.0015323770000464],[125.4899739650001,9.0015278990000525],[125.48995810000008,9.001514468000039],[125.48995583400006,9.0015077520000659],[125.48972689900006,9.0024308890000384],[125.4897812910001,9.0024599910000234],[125.48977902400009,9.0024801370000205],[125.48982208400002,9.0024935690000234],[125.48982434900006,9.002527146000034],[125.48982434800007,9.0025763910000478],[125.48984021100011,9.0026144450000629],[125.48984701000006,9.002621161000036],[125.48986740700002,9.0026256390000299],[125.48987647200011,9.0026234010000508],[125.48989687000005,9.0026077320000581],[125.48991046900005,9.0025943020000341],[125.48991726800011,9.0025898250000296],[125.4899286000001,9.0025853490000713],[125.48993539900005,9.0025831110000354],[125.48995126400007,9.0025831110000354],[125.48997166100003,9.0025786350000772],[125.48998979200007,9.0025831130000711],[125.49000112300007,9.0025898280000547],[125.49001698800009,9.0026032590000682],[125.49002605300007,9.0026077370000621],[125.49002378600005,9.0026166900000248],[125.49002378600005,9.0026278830000592],[125.49002151900004,9.0026345980000428],[125.49002151800005,9.0026569820000759],[125.49002831700011,9.002663698000049],[125.49007364400006,9.0026816070000564],[125.49009404100002,9.0026816080000458],[125.49013030200001,9.0027017550000323],[125.49013710100007,9.0027017550000323],[125.49026174900007,9.0027510050000501],[125.49029121100011,9.0027890600000546],[125.49030254200011,9.0028092060000517],[125.49030934100006,9.0028159210000354],[125.49032293900007,9.0028248760000338],[125.49034333500003,9.0028338300000428],[125.49035466700002,9.0028360690000682],[125.49038186300004,9.0028472620000457],[125.49043625500008,9.0028606940000486],[125.4904521200001,9.002862933000074],[125.49047931600012,9.0028629340000634],[125.49050198100008,9.0028360740000721],[125.4905042470001,9.0028271200000631],[125.49050198100008,9.0028181660000541],[125.49047478500006,9.0028069730000766],[125.49047251900004,9.0027980190000676],[125.49048158500011,9.002780112000039],[125.49049065100007,9.0027778740000599],[125.49050198300006,9.0027778740000599],[125.49052011400011,9.0027689210000403],[125.49053824600003,9.0027420600000596],[125.49054731100011,9.002735345000076],[125.4905586430001,9.00273310700004],[125.49058357300009,9.0027331080000295],[125.49060170400003,9.0027308700000503],[125.49063116700006,9.0027241560000562],[125.49064476600006,9.0027152030000366],[125.49068556200007,9.0026480510000511],[125.49073542100007,9.0026883440000347],[125.49074222000002,9.0026972980000437],[125.49074675200006,9.0027174440000408],[125.49074675200006,9.0027263980000498],[125.49075355000002,9.0027353520000588],[125.49077168100007,9.0027465450000363],[125.49077848000002,9.0027532600000768],[125.4907875450001,9.0027577380000707],[125.49080794200006,9.0027823610000723],[125.49081247400011,9.0028002690000335],[125.49082153900008,9.0028181770000515],[125.49082833700004,9.0028248920000351],[125.49084420200006,9.0028338460000441],[125.49085100100001,9.002840562000074],[125.49086686400005,9.0028629470000396],[125.49088272800009,9.0028786160000323],[125.49088952700004,9.0028875700000413],[125.49088952700004,9.0029077160000384],[125.49088499300001,9.0029256240000564],[125.49088725900003,9.0029345780000654],[125.49089179200007,9.0029435320000744],[125.49089859100002,9.002950247000058],[125.49091445500005,9.0029614400000355],[125.4909711140001,9.0029793490000429],[125.49101417400004,9.003003973000034],[125.49103293700011,9.0030062120000593],[125.49103520400001,9.0030129280000324],[125.49103520300002,9.0030330740000295],[125.49102613700006,9.0030420270000491],[125.49099440600003,9.0031148490000419],[125.49098760600009,9.0031238020000615],[125.49098307300005,9.0031349940000496],[125.49098307300005,9.0031529020000676],[125.49098533900008,9.0031618560000766],[125.49100120300011,9.0031797640000377],[125.49101026800008,9.0031842410000422],[125.49101706700003,9.0031909560000258],[125.49102386600009,9.0032021490000602],[125.49102613100001,9.0032357250000246],[125.49098760200002,9.0032670620000204],[125.49098306900009,9.0032760160000294],[125.49097853500007,9.003291685000022],[125.49092866300009,9.0036822790000315],[125.49088333000009,9.003847922000034],[125.49088333000009,9.003856876000043],[125.49088106300007,9.0038658290000626],[125.49086746400008,9.0038926900000433],[125.49086066500001,9.0039016440000523],[125.49085159900005,9.0039061200000674],[125.49084253300009,9.0039083590000359],[125.49079947200005,9.0039083570000571],[125.4907926730001,9.0039038800000526],[125.4907813420001,9.0039016410000272],[125.49074961300005,9.0038837330000661],[125.49072921600009,9.0038792550000721],[125.48996871800011,9.003430571000024],[125.48933641800011,9.0030097220000584],[125.48905053200008,9.002800920000027],[125.4881728470001,9.0022680730000388],[125.48816831500005,9.0022613570000658],[125.48815698300007,9.0022546420000253],[125.48813885300001,9.0022322560000703],[125.48811619100002,9.0022098710000478],[125.48811392500011,9.0022053940000433],[125.48778504000006,9.0019716220000419],[125.48752894900008,9.0018059670000525],[125.48727512300002,9.001669411000023],[125.48708035200002,9.0015103940000358],[125.48656590100006,9.0012439970000742],[125.48617156900002,9.000952982000058],[125.48602426100001,9.0008544840000582],[125.4858903060001,9.0007689350000533],[125.48572260000003,9.0006793890000267],[125.48539087200004,9.0004778090000741],[125.48510531900001,9.0002942410000628],[125.48484469500011,9.00015320600005],[125.48480616800009,9.0001442510000516],[125.48479257000008,9.0001375350000217],[125.48478350500011,9.0001352960000531],[125.48457727400012,9.000009933000058],[125.48426679500005,8.9998151730000586],[125.48400843900004,8.9996607080000217],[125.48365274700006,8.9994869580000341],[125.4834873100001,8.9993687790000649],[125.48312898100005,8.9991471550000597],[125.48280490600007,8.9989412010000365],[125.4824109220001,8.998735019000037],[125.48215200200002,8.9985778420000315],[125.48182795800005,8.9983941510000705],[125.48151443400002,8.9981926300000623],[125.48116713800005,8.9979431280000313],[125.48029911100002,8.997432194000055],[125.47962485400001,8.9970537720000721],[125.47955118200002,8.9970537670000681],[125.47953434300007,8.9970496080000544],[125.47951540000008,8.9970412910000732],[125.47950698000011,8.9970329740000352],[125.47950277100006,8.9970246580000435],[125.47949014200003,8.997012183000038],[125.47947751400011,8.996993471000053],[125.47946909500001,8.9969851540000718],[125.47940562300005,8.9969486660000371],[125.47936773700008,8.9969195570000693],[125.4793593170001,8.9969153980000556],[125.47935300300003,8.996909161000076],[125.47934458400005,8.9969050020000623],[125.4793382690001,8.9968987650000258],[125.47932774500009,8.9968925270000568],[125.47888783200005,8.9966866770000706],[125.47799216600004,8.9962374140000634],[125.47719402400003,8.9959159050000608],[125.47718560400006,8.9959138250000592],[125.47716876600009,8.9959055080000212],[125.47710982900003,8.9958867930000679],[125.47710562000009,8.9958826350000436],[125.47708036200004,8.995874317000073],[125.47706141800006,8.9958701580000593],[125.47705299800009,8.9958659990000456],[125.47700248100011,8.9958576790000393],[125.47699195700011,8.9958576790000393],[125.47695196400002,8.9958514390000346],[125.47661729000004,8.9957703340000421],[125.4762723450001,8.9957058600000437],[125.47625340100001,8.9956996220000747],[125.47622393300003,8.9956871460000229],[125.47619025600011,8.9956705110000712],[125.47616078800002,8.9956621930000438],[125.47610395800007,8.9956393200000662],[125.47609343300007,8.9956330820000403],[125.47607238500007,8.995626843000025],[125.47606186100006,8.9956206060000454],[125.47562405000008,8.9954875170000719],[125.47512217300005,8.9953181980000636],[125.47465700100008,8.9951539210000533],[125.47437620200003,8.9950582650000683],[125.47352426700002,8.9946980450000638],[125.47344520700005,8.9946861030000491],[125.47209469300003,8.9819338680000556],[125.48915407300001,8.9810679450000634],[125.50040230400009,8.9848594620000313],[125.5023974400001,8.9852082190000715],[125.50460142700001,8.9864254800000367]]]},"properties":{"objectid":24506,"gthcode":"8011602020670000","globalid":"{E1B96725-7D8E-4AFD-85A4-372A598C668B}","st_area(shape)":0.00055127512044606572,"reg_name":"Region XIII (Caraga)","prov_name":"Agusan del Norte","city_name":"Butuan City","brgy_name":"Masao","reg_code":"160000000","prov_code":"160200000","city_code":"160202000","brgy_code":"160202067","psgc_10d":"1630400067","geographic_level":"Bgy","old_names":"","class":"Highly Urbanized Cities (HUC)","income_class":"","urban_rural2015":"R","bgypop2015":1786,"bgypop2020":1913,"bgyarea_sqkm":6.7044892999999997,"gida":"No","gida_yr":null,"st_perimeter(shape)":0.10359355640170469,"created_user":null,"created_date":null,"last_edited_user":"ADMIN2","last_edited_date":1748789493000}},{"type":"Feature","id":24837,"geometry":{"type":"Polygon","coordinates":[[[125.53444579500001,8.9963995910000563],[125.5286060410001,8.9964176150000412],[125.52892549900002,8.9955902170000286],[125.52903023900001,8.995081955000046],[125.52923741300003,8.9940743100000304],[125.5293111740001,8.9929573670000309],[125.52943762000007,8.9918720350000285],[125.52949030600007,8.9907340170000225],[125.52954299200007,8.9899015780000582],[125.52942708300009,8.9892588100000239],[125.52927956200006,8.9882367010000621],[125.5291004290001,8.9875307080000653],[125.52892129700001,8.9866666580000469],[125.52843658600011,8.9855075670000701],[125.52816261900011,8.9848226480000335],[125.52784650300009,8.984063969000033],[125.52766737000002,8.9831893820000346],[125.52726695700005,8.982082976000072],[125.52703513900008,8.981334835000041],[125.52696137800001,8.9803548760000353],[125.52719319700009,8.9796488830000385],[125.52726695700005,8.9787426840000535],[125.52741447700009,8.977583591000041],[125.5276779080001,8.976909211000077],[125.52821530500012,8.9763612770000236],[125.52895290900005,8.9759081770000648],[125.52989071900004,8.9753918550000549],[125.53054402600003,8.9749282170000697],[125.5312710930001,8.9743170590000432],[125.53247233400009,8.9737691250000466],[125.53351551700007,8.9733476370000744],[125.53449547600007,8.9730420580000327],[125.53551758500009,8.9725994960000435],[125.53633948600009,8.9722412320000444],[125.53743229100007,8.9728217690000633],[125.53784779600005,8.9728667700000528],[125.53835030100004,8.9730017720000319],[125.53938996900001,8.9739493950000337],[125.54087038800003,8.975290919000031],[125.54163703300003,8.975984745000062],[125.54269875700004,8.9788796000000275],[125.54352355300011,8.9812588190000611],[125.54379512900005,8.9831813240000429],[125.54361850100008,8.9862286100000688],[125.54365103200007,8.9927698610000562],[125.54366850400004,8.9964051620000305],[125.53444579500001,8.9963995910000563]]]},"properties":{"objectid":24837,"gthcode":"8011602020680000","globalid":"{A82E18B0-081D-4F0D-B012-D4E3602779A1}","st_area(shape)":0.00033275850012086042,"reg_name":"Region XIII (Caraga)","prov_name":"Agusan del Norte","city_name":"Butuan City","brgy_name":"Maug","reg_code":"160000000","prov_code":"160200000","city_code":"160202000","brgy_code":"160202068","psgc_10d":"1630400068","geographic_level":"Bgy","old_names":"","class":"Highly Urbanized Cities (HUC)","income_class":"","urban_rural2015":"R","bgypop2015":2778,"bgypop2020":2984,"bgyarea_sqkm":4.0470081699999998,"gida":"No","gida_yr":null,"st_perimeter(shape)":0.072498482865430577,"created_user":null,"created_date":null,"last_edited_user":"ADMIN2","last_edited_date":1748789493000}},{"type":"Feature","id":26479,"geometry":{"type":"Polygon","coordinates":[[[125.54064404300004,8.9475721720000365],[125.54003355200007,8.9476448040000491],[125.54003347600008,8.9476448120000214],[125.53868075700007,8.9477734480000208],[125.53874075700003,8.9469534480000448],[125.53870075700002,8.9465434480000567],[125.53860075700004,8.9461634470000604],[125.53860075700004,8.9458134470000346],[125.53860075700004,8.9456277360000627],[125.53860388500004,8.9454659980000315],[125.53987693100009,8.945339863000072],[125.54047276300003,8.9452839010000389],[125.54048695900008,8.9455167750000442],[125.54051633500001,8.9459474160000241],[125.54061185500007,8.9471626530000208],[125.54064404300004,8.9475721720000365]]]},"properties":{"objectid":26479,"gthcode":"8011602020700000","globalid":"{ABEE9DC9-DEB0-46FB-8BCB-4B359B6198AE}","st_area(shape)":4.3684095257052584e-06,"reg_name":"Region XIII (Caraga)","prov_name":"Agusan del Norte","city_name":"Butuan City","brgy_name":"New Society Village Pob. (Bgy. 26)","reg_code":"160000000","prov_code":"160200000","city_code":"160202000","brgy_code":"160202070","psgc_10d":"1630400070","geographic_level":"Bgy","old_names":"Bgy. 26","class":"Highly Urbanized Cities (HUC)","income_class":"","urban_rural2015":"U","bgypop2015":1481,"bgypop2020":955,"bgyarea_sqkm":0.053134090000000002,"gida":"No","gida_yr":null,"st_perimeter(shape)":0.0084707002043160444,"created_user":null,"created_date":null,"last_edited_user":"ADMIN2","last_edited_date":1748789493000}},{"type":"Feature","id":26592,"geometry":{"type":"Polygon","coordinates":[[[125.48112325800003,8.9178555160000315],[125.47117561500011,8.9181793930000595],[125.4678169770001,8.9178188800000271],[125.46762408000006,8.9176691330000608],[125.46673360700004,8.91726280000006],[125.46655205500008,8.9172368640000741],[125.46604197800002,8.9171244740000475],[125.46578261700006,8.9169688580000752],[125.46560971000008,8.9167959510000401],[125.46536764000007,8.9164674270000432],[125.46380282900009,8.9155769540000733],[125.46356940400005,8.9155077910000387],[125.46348295000007,8.9153781110000523],[125.46324952600003,8.9151619760000358],[125.46321610200005,8.9151591020000751],[125.46513745300001,8.8803892830000564],[125.46685942100009,8.8492357650000599],[125.46689333600011,8.8309528280000222],[125.48102506000009,8.8318490540000312],[125.49296719400002,8.8316892930000677],[125.52164763100006,8.8316919180000468],[125.51419151100004,8.8397845370000709],[125.50728096000012,8.8514233580000337],[125.50314659500009,8.8586323360000279],[125.49885604300005,8.884350601000051],[125.49673365500007,8.8971160890000647],[125.48733662800009,8.9172276630000624],[125.48112325800003,8.9178555160000315]]]},"properties":{"objectid":26592,"gthcode":"8011602020960000","globalid":"{574094C7-AB60-4D97-92D7-0AD811FDD053}","st_area(shape)":0.003119735335205394,"reg_name":"Region XIII (Caraga)","prov_name":"Agusan del Norte","city_name":"Butuan City","brgy_name":"Nong-nong","reg_code":"160000000","prov_code":"160200000","city_code":"160202000","brgy_code":"160202096","psgc_10d":"1630400096","geographic_level":"Bgy","old_names":"","class":"Highly Urbanized Cities (HUC)","income_class":"","urban_rural2015":"R","bgypop2015":1594,"bgypop2020":1732,"bgyarea_sqkm":37.953865900000004,"gida":"Yes","gida_yr":"2023","st_perimeter(shape)":0.25816476950777695,"created_user":null,"created_date":null,"last_edited_user":"ADMIN2","last_edited_date":1748789466000}},{"type":"Feature","id":26754,"geometry":{"type":"Polygon","coordinates":[[[125.54327296400004,8.964285645000075],[125.54325188900009,8.964823043000024],[125.5431359800001,8.965413126000044],[125.54302007100011,8.9658346130000268],[125.54271449200007,8.9663825480000696],[125.54228246700006,8.9671939130000737],[125.54191366500004,8.9676996990000362],[125.5399358730001,8.9669781790000229],[125.53792294800007,8.9665775340000664],[125.53638510000007,8.9655393780000736],[125.53610762400001,8.9653830960000391],[125.53454199600003,8.964538472000072],[125.53429102100006,8.9647075290000657],[125.53281856400008,8.9658097010000688],[125.53182201600009,8.9652693350000732],[125.53158029500003,8.9652006430000597],[125.53163916400001,8.964792942000031],[125.5320671610001,8.9637576530000729],[125.53271494000012,8.9626934440000241],[125.53322449300003,8.9614964930000269],[125.53331066500004,8.9612937790000728],[125.53401554700008,8.9601006860000325],[125.53451287000007,8.960374373000036],[125.53498860700006,8.9606361810000408],[125.53618393400006,8.9612743230000547],[125.53619359600009,8.9612793920000513],[125.53661172300008,8.9614987620000761],[125.53662075700004,8.9615034480000304],[125.53782691200001,8.9621648640000444],[125.53863075600009,8.9625934480000637],[125.53893472800007,8.9627566630000501],[125.53919844100005,8.9629030140000623],[125.53927966000003,8.9629457730000581],[125.5392845240001,8.9628300230000377],[125.53998091500011,8.963043209000034],[125.54090571100005,8.9632811970000716],[125.54327849200001,8.9639424660000486],[125.54327296400004,8.964285645000075]]]},"properties":{"objectid":26754,"gthcode":"8011602020910000","globalid":"{A37A7407-7E5F-4B3F-8C2A-6AC1051BB2AC}","st_area(shape)":4.3881113877159197e-05,"reg_name":"Region XIII (Caraga)","prov_name":"Agusan del Norte","city_name":"Butuan City","brgy_name":"Obrero Pob. (Bgy. 18)","reg_code":"160000000","prov_code":"160200000","city_code":"160202000","brgy_code":"160202091","psgc_10d":"1630400091","geographic_level":"Bgy","old_names":"Bgy. 18","class":"Highly Urbanized Cities (HUC)","income_class":"","urban_rural2015":"U","bgypop2015":9774,"bgypop2020":8643,"bgyarea_sqkm":0.53371207000000009,"gida":"No","gida_yr":null,"st_perimeter(shape)":0.0316606070595939,"created_user":null,"created_date":null,"last_edited_user":"ADMIN2","last_edited_date":1748789493000}},{"type":"Feature","id":26913,"geometry":{"type":"Polygon","coordinates":[[[125.54351707500007,8.9552131160000386],[125.54336955500003,8.9557118770000557],[125.54334145600001,8.956231712000033],[125.54336955500003,8.9566883240000266],[125.5434046790001,8.9571589860000245],[125.54350302600005,8.9577982430000702],[125.54340819400011,8.9584462700000245],[125.54142905600008,8.9582465920000232],[125.53952919300002,8.957756158000052],[125.53903284800003,8.9576218080000558],[125.53759100400009,8.9572557980000624],[125.53579629900003,8.9567925370000694],[125.53514075600003,8.9565934480000351],[125.53575249400001,8.955928694000022],[125.5366407570001,8.9549634480000577],[125.53686075700011,8.9547234480000384],[125.53707075600005,8.9543134480000504],[125.53722075700011,8.9538634480000496],[125.53725754100003,8.9536452150000514],[125.53920873300001,8.9538228640000739],[125.54088571300008,8.9539774370000487],[125.54174036300003,8.95389001500007],[125.5422431070001,8.9539331200000447],[125.54388236500006,8.9539627020000694],[125.54363649700008,8.9548618760000522],[125.54351707500007,8.9552131160000386]]]},"properties":{"objectid":26913,"gthcode":"8011602020710000","globalid":"{5D6083B7-D68E-42F5-84EF-F4214E254332}","st_area(shape)":2.8466290955381473e-05,"reg_name":"Region XIII (Caraga)","prov_name":"Agusan del Norte","city_name":"Butuan City","brgy_name":"Ong Yiu Pob. (Bgy. 16)","reg_code":"160000000","prov_code":"160200000","city_code":"160202000","brgy_code":"160202071","psgc_10d":"1630400071","geographic_level":"Bgy","old_names":"Bgy. 16","class":"Highly Urbanized Cities (HUC)","income_class":"","urban_rural2015":"U","bgypop2015":4859,"bgypop2020":5327,"bgyarea_sqkm":0.34623412000000003,"gida":"No","gida_yr":null,"st_perimeter(shape)":0.023410393117175656,"created_user":null,"created_date":null,"last_edited_user":"ADMIN2","last_edited_date":1748789493000}},{"type":"Feature","id":27291,"geometry":{"type":"Polygon","coordinates":[[[125.5286060410001,8.9964176150000412],[125.52834637900003,8.9969868100000667],[125.52774209600011,8.9979997960000446],[125.52587431600011,9.0022486400000616],[125.52524696900002,9.0047580240000684],[125.52469895000002,9.0059799560000329],[125.52423890400007,9.0067967720000297],[125.52373489900003,9.0065237710000474],[125.52338883500011,9.0063640490000694],[125.52317587300001,9.0062309480000522],[125.5229096700001,9.006137777000049],[125.52227306900011,9.0058560350000221],[125.52183154900001,9.0055654410000443],[125.52161858700003,9.0054323400000271],[125.52139231500007,9.0052326870000456],[125.52115273200002,9.0050064150000253],[125.52096639000001,9.0047269020000726],[125.52062032600008,9.0042477370000711],[125.52039405400001,9.0037685720000695],[125.52015447200006,9.0034358190000603],[125.51994151000008,9.0027170710000632],[125.51987495900005,9.002224596000076],[125.51982171800012,9.0019850130000236],[125.51979509700004,9.0017055010000604],[125.51974185800009,9.0013328170000477],[125.51968861700004,9.0010266830000205],[125.5196486860001,9.0003744870000446],[125.51959544600004,8.9998553910000396],[125.51943572400012,8.99921650400006],[125.51934255300012,8.9988438210000368],[125.5192626920001,8.9986840990000587],[125.5187965880001,8.99792283000005],[125.51823970500004,8.9976443880000261],[125.51754796000012,8.9971166220000214],[125.51703746300007,8.9967899030000353],[125.51648612600002,8.99615688800003],[125.51601646900008,8.9956055510000397],[125.51568975100008,8.9948704350000526],[125.51538345300003,8.9940128010000535],[125.51505673500003,8.9933185260000528],[125.51487295600009,8.9926650900000595],[125.51458707800009,8.991868714000077],[125.51440329900004,8.991154019000021],[125.51428078000004,8.9904801640000755],[125.51413784100009,8.9897042080000347],[125.51401532200009,8.9888874130000431],[125.51391322300003,8.9880093590000456],[125.51385539900002,8.986779221000063],[125.51475918100004,8.9865763240000547],[125.5153077650001,8.9863567140000669],[125.51588871200011,8.986224681000067],[125.51649523900005,8.9861389720000489],[125.5168713600001,8.9861869000000638],[125.5170178410001,8.9862308440000334],[125.51712770100005,8.9862967600000729],[125.51730187800001,8.9863742400000319],[125.51755249400003,8.9864945100000568],[125.51790685700007,8.986575900000048],[125.51851183600002,8.9866431200000534],[125.51901598500001,8.9866767300000561],[125.51948001700009,8.9865151540000738],[125.52008737000006,8.9861454610000351],[125.52064191000011,8.9857229550000284],[125.52167176900002,8.9854060750000713],[125.52317312100001,8.9845485460000418],[125.52325529100005,8.9845400290000725],[125.52369347600006,8.9843664580000677],[125.52443478900011,8.9841065170000434],[125.52481025900011,8.9839524780000488],[125.52510870900005,8.9837984390000543],[125.52546492400006,8.9836540280000463],[125.52766737000002,8.9831893820000346],[125.52784650300009,8.984063969000033],[125.52816261900011,8.9848226480000335],[125.52843658600011,8.9855075670000701],[125.52892129700001,8.9866666580000469],[125.5291004290001,8.9875307080000653],[125.52927956200006,8.9882367010000621],[125.52942708300009,8.9892588100000239],[125.52954299200007,8.9899015780000582],[125.52949030600007,8.9907340170000225],[125.52943762000007,8.9918720350000285],[125.5293111740001,8.9929573670000309],[125.52923741300003,8.9940743100000304],[125.52903023900001,8.995081955000046],[125.52892549900002,8.9955902170000286],[125.5286060410001,8.9964176150000412]]]},"properties":{"objectid":27291,"gthcode":"8011602020970000","globalid":"{90BF95D7-CFC7-48C1-B8A8-273CD685E4F3}","st_area(shape)":0.00022742859548031849,"reg_name":"Region XIII (Caraga)","prov_name":"Agusan del Norte","city_name":"Butuan City","brgy_name":"Pagatpatan","reg_code":"160000000","prov_code":"160200000","city_code":"160202000","brgy_code":"160202097","psgc_10d":"1630400097","geographic_level":"Bgy","old_names":"","class":"Highly Urbanized Cities (HUC)","income_class":"","urban_rural2015":"U","bgypop2015":5933,"bgypop2020":6379,"bgyarea_sqkm":2.7659241800000003,"gida":"No","gida_yr":null,"st_perimeter(shape)":0.063723249388791342,"created_user":null,"created_date":null,"last_edited_user":"ADMIN2","last_edited_date":1748789493000}},{"type":"Feature","id":27972,"geometry":{"type":"Polygon","coordinates":[[[125.5527495550001,8.9255657770000312],[125.55238285100006,8.9271309420000762],[125.55218390300001,8.9280636680000498],[125.55185584800006,8.9295024540000441],[125.55147511600001,8.9307927320000431],[125.55146059600008,8.9308968150000396],[125.55115129000001,8.9316652640000598],[125.55077349300007,8.9326457370000298],[125.55044896000004,8.9332232140000656],[125.54864902000008,8.9324318940000467],[125.54825911400007,8.9321826760000249],[125.54722368300008,8.9315485890000446],[125.54531792400007,8.9303729580000208],[125.54727287800006,8.9274496020000242],[125.54858766500001,8.9254886750000537],[125.55129931500005,8.9255320320000351],[125.5527495550001,8.9255657770000312]]]},"properties":{"objectid":27972,"gthcode":"8011602020980000","globalid":"{8EFAC17E-59AA-4A63-9E0B-64C3F544162A}","st_area(shape)":3.5167086255451949e-05,"reg_name":"Region XIII (Caraga)","prov_name":"Agusan del Norte","city_name":"Butuan City","brgy_name":"Pangabugan","reg_code":"160000000","prov_code":"160200000","city_code":"160202000","brgy_code":"160202098","psgc_10d":"1630400098","geographic_level":"Bgy","old_names":"","class":"Highly Urbanized Cities (HUC)","income_class":"","urban_rural2015":"R","bgypop2015":2630,"bgypop2020":4438,"bgyarea_sqkm":0.42776634000000002,"gida":"No","gida_yr":null,"st_perimeter(shape)":0.023951515993671808,"created_user":null,"created_date":null,"last_edited_user":"ADMIN2","last_edited_date":1748789494000}},{"type":"Feature","id":28886,"geometry":{"type":"Polygon","coordinates":[[[125.70142703100009,8.9914331190000212],[125.69709806800006,8.9921060740000485],[125.69090362600002,8.9917546130000687],[125.6859895660001,8.9917546130000687],[125.68075847000011,8.991596095000034],[125.67203997500008,8.9919131310000466],[125.66574331000004,8.992136404000064],[125.65263123700004,8.991940335000038],[125.64397063500007,8.9922862830000554],[125.64036587800001,8.9924566320000281],[125.63909812300005,8.9925040910000575],[125.6393252580001,8.9920263260000297],[125.63940358000002,8.9916817080000442],[125.63934875400003,8.9913449230000424],[125.63923910400001,8.9910551310000528],[125.63895714400007,8.9907575060000227],[125.6384323850001,8.9904520500000444],[125.63811126300004,8.9903815590000704],[125.6378293030001,8.9903267340000639],[125.63764133000006,8.9902640760000736],[125.63746902100002,8.9901387600000362],[125.63731237700006,8.9899194590000207],[125.63662314100009,8.9887916190000396],[125.63569110700007,8.9875306310000269],[125.63460242800011,8.9866220940000403],[125.63304381600005,8.9852201260000584],[125.63257618700004,8.9849044200000208],[125.63219667900012,8.9846297270000264],[125.63594010100007,8.9813091030000578],[125.63659586800009,8.9807074820000707],[125.64685483000005,8.9714618710000309],[125.65354652200006,8.9690955580000491],[125.67495844000007,8.9420214240000746],[125.67524642800004,8.9421009950000325],[125.6754508140001,8.9419770410000297],[125.67561175600008,8.9415267950000725],[125.67573224000012,8.9411584930000458],[125.67601545400009,8.9405848850000211],[125.67605412400007,8.9402580000000285],[125.67592708000006,8.9397281820000671],[125.67571882000004,8.9393214280000279],[125.67563283200002,8.9387913130000243],[125.67563074600002,8.9385055470000339],[125.67579139000009,8.9380144780000705],[125.67603503900011,8.9376452870000662],[125.67640334400005,8.9374793230000478],[125.6772652090001,8.9374322720000237],[125.67788193400008,8.9375502930000721],[125.67817051500003,8.9377115100000424],[125.67833622800003,8.9379144410000322],[125.67837967100002,8.9382407330000433],[125.67834100400012,8.9385676190000254],[125.67813811400003,8.938895690000038],[125.67797568200001,8.9391418200000317],[125.67793671600009,8.9394278810000287],[125.67801972200004,8.9395497580000551],[125.67814318700005,8.9395896920000268],[125.67834667400007,8.9393432660000371],[125.67863197300005,8.9390554240000597],[125.67891786900009,8.9388492280000378],[125.6793281250001,8.9388054360000524],[125.67982228300002,8.9390059910000446],[125.68002935200002,8.9392494470000656],[125.68015580400004,8.9396976140000675],[125.68007727700001,8.9401880910000386],[125.67999845200006,8.9406377430000248],[125.68000084200003,8.940964331000032],[125.68020821100004,8.9412486110000486],[125.68049649700004,8.9413690010000551],[125.68057830900011,8.941327584000021],[125.68074014100011,8.9409998070000256],[125.68081866700004,8.9405093310000439],[125.68122474000006,8.9398940080000671],[125.68146898200007,8.9396064620000288],[125.68179682800007,8.9395224370000506],[125.68204435500002,8.9396839470000486],[125.68221156600009,8.9400909930000694],[125.68225830200004,8.9408663410000599],[125.68263438100007,8.9417617800000357],[125.68317288900005,8.9424110890000748],[125.68346177500007,8.9426131240000473],[125.68395534100011,8.9427320240000654],[125.68420167600004,8.9427302390000705],[125.68477495900004,8.9425219560000642],[125.68522417600002,8.9421920950000526],[125.68546721600001,8.9417412520000426],[125.68558798800007,8.941413773000022],[125.68595539300009,8.9411253310000234],[125.68644805700001,8.9411217580000653],[125.68681815500008,8.9412007250000443],[125.68714660000012,8.9411983430000532],[125.68743488600012,8.9413187280000557],[125.68768271600004,8.941521056000056],[125.68768481300003,8.9418068190000213],[125.6874825320001,8.9422165410000503],[125.68699495800001,8.9429141110000501],[125.68618163100007,8.9439814740000543],[125.68585588100007,8.944351265000023],[125.68573451000009,8.9445970980000311],[125.68602459600004,8.9449624230000495],[125.68639439900005,8.9450005660000329],[125.68696948100012,8.945037219000028],[125.6877902980001,8.9449904360000687],[125.6883228260001,8.9448232690000395],[125.68856766100009,8.9446173640000666],[125.68864647400005,8.9441677120000236],[125.68868453300001,8.9437591820000648],[125.68876304600008,8.9432687080000619],[125.68888471500009,8.9430636970000705],[125.68904803700002,8.9429400350000492],[125.68941783700006,8.9429781760000537],[125.68974748100004,8.9431390830000623],[125.6903240580001,8.9433798470000738],[125.69069595800011,8.9437037480000754],[125.69073881400004,8.9439483880000239],[125.6907403140001,8.9441525040000442],[125.69061894800006,8.9443983370000524],[125.6902506460001,8.9445643150000365],[125.68947238700002,8.9448149200000557],[125.6890222720001,8.9450223170000527],[125.68869592500005,8.9453104640000447],[125.68865576900009,8.9454332320000276],[125.68869832400003,8.945637050000073],[125.68898751400002,8.9458799020000583],[125.68960515300012,8.9461203670000486],[125.69080057500003,8.9467648860000395],[125.69158213800006,8.9469633300000737],[125.69232204500008,8.9470804260000705],[125.69289712800003,8.9471170690000577],[125.69301969500009,8.9470345260000386],[125.69305924900004,8.9468301120000433],[125.69297563500004,8.9466265950000547],[125.69268614300006,8.9463429230000315],[125.6923139380001,8.9459782030000383],[125.69185962200004,8.9456140790000518],[125.69165224200003,8.9453298100000325],[125.69152727400001,8.9450857660000338],[125.69152607300009,8.9449224740000659],[125.69156562900002,8.9447180600000706],[125.69177060700008,8.9446757450000405],[125.69214130800003,8.944836351000049],[125.69267863500011,8.945322347000058],[125.69321476200003,8.9456450490000634],[125.69371013400007,8.9460088730000393],[125.69391871800008,8.9464564320000477],[125.69400413400001,8.9469048880000628],[125.69404999900007,8.9475577570000269],[125.69405210200011,8.9478435190000596],[125.69409436000001,8.9480065120000631],[125.69446356300011,8.9479629990000262],[125.69458582900006,8.9478396330000578],[125.69474734800008,8.9474710310000205],[125.69515279600012,8.946774051000034],[125.69539702600002,8.9464864970000235],[125.69560170300008,8.9464033570000652],[125.69593014900011,8.9464009650000662],[125.69613753300007,8.946685230000071],[125.69618309900011,8.9472972760000289],[125.69610730300008,8.9481551560000412],[125.69594698900005,8.9486870500000464],[125.69574592000004,8.9492600670000684],[125.69550198900004,8.9495884450000744],[125.69517504400005,8.9497949520000475],[125.69480583900008,8.9498384660000738],[125.69410608100009,8.949598609000077],[125.69249948400011,8.9488754470000345],[125.69225224700006,8.9487547700000505],[125.69204696600002,8.9487562630000639],[125.69176197500008,8.9490849380000554],[125.69168166500003,8.9493304740000212],[125.69168376700009,8.9496162350000645],[125.69189055000004,8.9498188580000715],[125.69230321500004,8.9501016330000311],[125.69275723800001,8.9504249310000432],[125.69304613300005,8.9506269550000752],[125.6932945750001,8.9509109240000271],[125.69333983900003,8.9514821470000356],[125.69375611500004,8.9522547960000338],[125.69412832900002,8.9526195120000693],[125.69445888500002,8.9529028810000568],[125.69491171000004,8.9530628830000296],[125.69532227500008,8.9530598920000557],[125.69552665500009,8.9529359280000449],[125.69552394700008,8.9525685220000355],[125.69539867300011,8.9522836580000558],[125.69486343600011,8.9520834310000623],[125.69465695000008,8.9519216350000761],[125.69461409000007,8.9516769960000602],[125.6947342520001,8.951267868000059],[125.69510165300005,8.9509794170000418],[125.69551161400011,8.9508947800000556],[125.69579870700011,8.9508518630000253],[125.69600489000004,8.9509728360000622],[125.69621197600009,8.9512162780000608],[125.6962149850001,8.9516245080000658],[125.69605376900006,8.9520339340000419],[125.6959743650001,8.9524019390000262],[125.69601843000009,8.9528098690000206],[125.69630913500009,8.9532568270000752],[125.69659743300008,8.9533772010000234],[125.69692558400004,8.9533339840000394],[125.69708770300008,8.9530470260000357],[125.69732922500009,8.952392064000037],[125.69749043900003,8.9519826370000715],[125.69769361300007,8.9516953810000359],[125.6978982920001,8.9516122380000525],[125.69806221600004,8.9515702170000395],[125.69826810000006,8.951650366000024],[125.69835201800004,8.9518947040000398],[125.6983997000001,8.9527925080000728],[125.69856663600001,8.9531587160000754],[125.69877462900001,8.9535246240000674],[125.69906413300009,8.9538082870000721],[125.69931047200009,8.9538064900000336],[125.69943273700005,8.9536831220000295],[125.69951063200006,8.9531110030000605],[125.69963018500005,8.9526202310000258],[125.69995321200008,8.9518830240000398],[125.70019804200001,8.9516771120000271],[125.70040272000006,8.9515939680000542],[125.70077373200002,8.9517953850000254],[125.70102308300011,8.9522018150000235],[125.70131650700012,8.9530161720000478],[125.70160872500003,8.9536672370000474],[125.70161204300007,8.9541162870000335],[125.70153234200006,8.9544434690000685],[125.70128720900004,8.9546085590000644],[125.70095845700007,8.95457013500004],[125.70050442400009,8.9542468510000504],[125.7002574820001,8.9541670040000554],[125.69988827500003,8.9542105230000288],[125.69968480200009,8.954456958000037],[125.69960781200007,8.9551515450000352],[125.69952961700005,8.9556828410000549],[125.69936689700012,8.9558881540000357],[125.69920297200008,8.955930176000038],[125.69887361400004,8.9558101040000224],[125.69846093900003,8.9555273410000495],[125.69817233700007,8.9553661450000277],[125.69772131600007,8.9554510850000497],[125.69739497100011,8.9557392410000602],[125.69710998300002,8.9560679200000664],[125.69711299400001,8.9564761500000714],[125.69715736400008,8.9569249020000257],[125.69732400100008,8.9572502870000221],[125.69761380900002,8.9575747740000224],[125.69790241300007,8.9577359680000654],[125.69831358500005,8.9578146190000325],[125.69872445400006,8.9578524450000714],[125.69909457000006,8.9579313930000239],[125.6991784920001,8.9581757310000398],[125.69913954600008,8.9584617910000475],[125.69901848400002,8.9587484490000406],[125.69889772500005,8.9590759310000294],[125.69885938100003,8.95944363600006],[125.69886028500002,8.9595661050000217],[125.69906617300012,8.9596462520000273],[125.69931251700007,8.9596444530000667],[125.69988701300008,8.9595994330000508],[125.70025622600008,8.9595559110000522],[125.70062724700006,8.9597573260000445],[125.70071177500006,8.9600833080000371],[125.70059131800008,8.960451613000032],[125.70034648400008,8.9606575270000235],[125.69977258800009,8.9607841940000412],[125.69924035200006,8.9609922060000713],[125.69866886700004,8.9614454530000671],[125.69830236600001,8.9618563800000288],[125.69814115100007,8.9622658080000406],[125.69814507000001,8.9627965050000284],[125.69835518200011,8.9634481710000387],[125.6984412170001,8.9639782680000621],[125.69844332800005,8.9642640280000592],[125.69836302200008,8.9645095650000712],[125.69795304800004,8.9645942090000403],[125.69746035600008,8.9645978060000289],[125.69700932400008,8.9646827480000297],[125.69684660000007,8.9648880620000568],[125.69680705000007,8.9650924760000521],[125.69689157700009,8.9654184590000341],[125.69718048800007,8.9656204760000264],[125.69746970200003,8.9658633140000461],[125.69767710200006,8.9661475760000258],[125.6977196680001,8.9663513900000567],[125.69759830400005,8.9665972270000225],[125.69735316200001,8.9667623170000752],[125.69714907900004,8.9669271080000499],[125.69702801500011,8.9672137670000325],[125.69698936900011,8.9675406500000463],[125.69703314100002,8.9679077560000451],[125.69724205000011,8.9683961320000662],[125.69741545500005,8.9690474700000209],[125.69790772900001,8.9695751960000507],[125.69811483000001,8.9698186330000453],[125.69803542900002,8.970186639000076],[125.69778908000001,8.9701884380000365],[125.69754152200005,8.9700269460000754],[125.69717018800009,8.969784708000077],[125.69684232500003,8.9698687540000606],[125.6966376360001,8.9699518990000229],[125.69618539100009,8.9698735510000347],[125.69593753400011,8.9696712350000212],[125.69556770700001,8.9696331090000285],[125.69523984300008,8.9697171520000438],[125.69499530100006,8.9699638880000521],[125.69487574300001,8.9704546620000656],[125.69483739700001,8.970822369000075],[125.69459225100002,8.9709874580000246],[125.69434590000003,8.9709892560000526],[125.69450000000006,8.9737000000000648],[125.69400024400011,8.9789695740000752],[125.69587707500011,8.985059738000075],[125.70142703100009,8.9914331190000212]]]},"properties":{"objectid":28886,"gthcode":"8011602020720000","globalid":"{874F66F7-83A9-4D79-9114-484710F1794D}","st_area(shape)":0.0021695606456727154,"reg_name":"Region XIII (Caraga)","prov_name":"Agusan del Norte","city_name":"Butuan City","brgy_name":"Pianing","reg_code":"160000000","prov_code":"160200000","city_code":"160202000","brgy_code":"160202072","psgc_10d":"1630400072","geographic_level":"Bgy","old_names":"","class":"Highly Urbanized Cities (HUC)","income_class":"","urban_rural2015":"R","bgypop2015":2165,"bgypop2020":2457,"bgyarea_sqkm":26.3871544,"gida":"Yes","gida_yr":"2023","st_perimeter(shape)":0.27534435310937166,"created_user":null,"created_date":null,"last_edited_user":"ADMIN2","last_edited_date":1748789466000}},{"type":"Feature","id":28933,"geometry":{"type":"Polygon","coordinates":[[[125.59341199100004,8.9243004270000483],[125.58644090900009,8.9320105120000335],[125.5699941690001,8.9243979420000414],[125.57012495400011,8.9243456270000365],[125.57143280100001,8.9237126300000682],[125.57174145300007,8.923519069000065],[125.57194024700004,8.9233830520000765],[125.57210241900009,8.9232888870000693],[125.57376076900005,8.9224204770000597],[125.57521509500009,8.9217037760000721],[125.57588994500009,8.9212486460000378],[125.57625614200003,8.920987076000074],[125.57648632300004,8.92084582800004],[125.57672696600002,8.9206941180000285],[125.57695714800002,8.9206208790000687],[125.57744366700001,8.9205057890000603],[125.57811386700007,8.9203500110000391],[125.5783791450001,8.9202581840000335],[125.57946874700008,8.916739537000069],[125.58165097500012,8.9028634820000434],[125.5822887490001,8.8982489450000344],[125.58685196700003,8.8855259510000337],[125.5907960290001,8.8863410260000251],[125.59305676700001,8.8863410260000251],[125.59631223000008,8.8853463010000269],[125.59974855200005,8.8844420060000289],[125.60494975900008,8.8844601720000469],[125.60879641000008,8.8840327670000647],[125.61142553000002,8.8837507660000483],[125.61029936800003,8.8901377380000213],[125.60835402500004,8.894257289000052],[125.60663754400002,8.8976902470000709],[125.60454505000007,8.9005740740000761],[125.59786761100008,8.9038174020000724],[125.59293380500003,8.9072490020000714],[125.59175214400011,8.908585965000043],[125.59177568500002,8.9090003000000593],[125.59177568500002,8.9091321350000499],[125.59177568500002,8.9093251770000279],[125.5917380190001,8.9095464690000767],[125.59235160100002,8.9130873560000623],[125.59341199100004,8.9243004270000483]]]},"properties":{"objectid":28933,"gthcode":"8011602021030000","globalid":"{2841F644-3823-4AA6-B6D2-C17A0690336A}","st_area(shape)":0.00082331447929300959,"reg_name":"Region XIII (Caraga)","prov_name":"Agusan del Norte","city_name":"Butuan City","brgy_name":"Pigdaulan","reg_code":"160000000","prov_code":"160200000","city_code":"160202000","brgy_code":"160202103","psgc_10d":"1630400103","geographic_level":"Bgy","old_names":"","class":"Highly Urbanized Cities (HUC)","income_class":"","urban_rural2015":"R","bgypop2015":2529,"bgypop2020":2807,"bgyarea_sqkm":10.01529569,"gida":"No","gida_yr":null,"st_perimeter(shape)":0.14827355283553922,"created_user":null,"created_date":null,"last_edited_user":"ADMIN2","last_edited_date":1748789494000}},{"type":"Feature","id":29097,"geometry":{"type":"Polygon","coordinates":[[[125.48915407300001,8.9810679450000634],[125.47209469300003,8.9819338680000556],[125.47002500300005,8.9667808880000734],[125.46716235700001,8.9598540090000256],[125.47749363600008,8.9570784840000215],[125.47769662100006,8.9568911130000401],[125.47789960700004,8.9566647060000264],[125.47835242000008,8.9564773350000451],[125.47931269700007,8.9563602280000509],[125.48031981800011,8.9561884710000754],[125.48103807400003,8.9559464500000558],[125.48203037500002,8.9559331310000516],[125.48220133700011,8.95593083600005],[125.4833255640001,8.9557356580000373],[125.48402820600006,8.9556497790000549],[125.48485576200005,8.9556263580000746],[125.48506929400003,8.9553929700000481],[125.48517338900001,8.9552264170000626],[125.48520516700012,8.9552113530000383],[125.48537117000001,8.9551327320000382],[125.4856671980001,8.9550536970000394],[125.48592685400001,8.9549906830000623],[125.48622005900006,8.9549472890000743],[125.48650052400001,8.9549942470000587],[125.48685970000008,8.9550147710000374],[125.48706494300006,8.954987405000054],[125.48730781400002,8.9549121490000516],[125.48757121000006,8.9547616370000469],[125.48768067300011,8.9546726990000707],[125.48783813700004,8.9545051850000732],[125.4880317410001,8.9543051280000441],[125.48821243700002,8.9540469900000517],[125.48847086000001,8.9537456830000224],[125.48873626900001,8.9535031140000569],[125.48892364000005,8.9533088030000272],[125.48963278700012,8.9530529030000707],[125.49015586600001,8.9528655320000325],[125.49077338300003,8.952689613000075],[125.49154904900001,8.9547771400000329],[125.49197977900008,8.9556777570000463],[125.49217556500003,8.9565392150000207],[125.49233219300004,8.9572832030000313],[125.49241050800003,8.9587711770000737],[125.49217556500003,8.9601025240000354],[125.49178399300001,8.9631176300000561],[125.49178399300001,8.9648013910000373],[125.49178399300001,8.9664851520000752],[125.48915407300001,8.9810679450000634]]]},"properties":{"objectid":29097,"gthcode":"8011602020730000","globalid":"{99F4FCE9-C2D7-49F6-AC8B-DC91EDF75563}","st_area(shape)":0.00053026274492797986,"reg_name":"Region XIII (Caraga)","prov_name":"Agusan del Norte","city_name":"Butuan City","brgy_name":"Pinamanculan","reg_code":"160000000","prov_code":"160200000","city_code":"160202000","brgy_code":"160202073","psgc_10d":"1630400073","geographic_level":"Bgy","old_names":"","class":"Highly Urbanized Cities (HUC)","income_class":"","urban_rural2015":"R","bgypop2015":3060,"bgypop2020":3428,"bgyarea_sqkm":6.4493498599999999,"gida":"No","gida_yr":null,"st_perimeter(shape)":0.094115096234458379,"created_user":null,"created_date":null,"last_edited_user":"ADMIN2","last_edited_date":1748789494000}},{"type":"Feature","id":37304,"geometry":{"type":"Polygon","coordinates":[[[125.54618355300011,8.9487186310000766],[125.54600385400011,8.9489469950000284],[125.54570178800009,8.9496775730000309],[125.54396001700002,8.9495865720000438],[125.54369769600009,8.9495531560000359],[125.54301006300011,8.9494653520000611],[125.54228704400009,8.9493730010000263],[125.54157358500004,8.9493044560000499],[125.54153549000011,8.9487978490000728],[125.54075667900008,8.9488603560000684],[125.54069984200009,8.948211016000073],[125.54064404300004,8.9475721720000365],[125.54142926400004,8.9474747000000434],[125.54214277700009,8.9474173020000762],[125.54288703600002,8.9473401370000261],[125.54292628400003,8.9480465950000507],[125.54297034100011,8.9487463590000402],[125.54363770900011,8.9487161470000274],[125.54433359400002,8.948685772000033],[125.54442351200009,8.9486780940000585],[125.54457700000012,8.9486848270000223],[125.54618355300011,8.9487186310000766]]]},"properties":{"objectid":37304,"gthcode":"8011602020780000","globalid":"{711EDA90-13E0-497A-99A5-8B9BFCE0C8D4}","st_area(shape)":6.4871182458888917e-06,"reg_name":"Region XIII (Caraga)","prov_name":"Agusan del Norte","city_name":"Butuan City","brgy_name":"Sikatuna Pob. (Bgy. 10)","reg_code":"160000000","prov_code":"160200000","city_code":"160202000","brgy_code":"160202078","psgc_10d":"1630400078","geographic_level":"Bgy","old_names":"Bgy. 10","class":"Highly Urbanized Cities (HUC)","income_class":"","urban_rural2015":"U","bgypop2015":43,"bgypop2020":145,"bgyarea_sqkm":0.078904039999999995,"gida":"No","gida_yr":null,"st_perimeter(shape)":0.014690442722168299,"created_user":null,"created_date":null,"last_edited_user":"ADMIN2","last_edited_date":1748789495000}},{"type":"Feature","id":30823,"geometry":{"type":"Polygon","coordinates":[[[125.54340819400011,8.9584462700000245],[125.54333443100006,8.9589503100000343],[125.54327120800008,8.9593507240000463],[125.54325715800007,8.960018079000065],[125.54321500900005,8.960601137000026],[125.54325188900009,8.9618726270000479],[125.54326242700006,8.962462710000068],[125.54328350100002,8.9636323390000712],[125.54327849200001,8.9639424660000486],[125.54090571100005,8.9632811970000716],[125.53998091500011,8.963043209000034],[125.5392845240001,8.9628300230000377],[125.53927966000003,8.9629457730000581],[125.53919844100005,8.9629030140000623],[125.53893472800007,8.9627566630000501],[125.53863075600009,8.9625934480000637],[125.53782691200001,8.9621648640000444],[125.53662075700004,8.9615034480000304],[125.53661172300008,8.9614987620000761],[125.53619359600009,8.9612793920000513],[125.53618393400006,8.9612743230000547],[125.53498860700006,8.9606361810000408],[125.53451287000007,8.960374373000036],[125.53480877400011,8.9597887820000324],[125.53480895900009,8.959788417000027],[125.53513188500006,8.959156604000043],[125.53513205800004,8.959156268000072],[125.5353807570001,8.95867344800007],[125.5358307570001,8.9585434480000572],[125.53715232600007,8.9581519540000727],[125.53794254500008,8.9579268920000459],[125.53903284800003,8.9576218080000558],[125.53952919300002,8.957756158000052],[125.54142905600008,8.9582465920000232],[125.54340819400011,8.9584462700000245]]]},"properties":{"objectid":30823,"gthcode":"8011602020690000","globalid":"{F57A5701-0609-4600-9478-DB2D23CBF57A}","st_area(shape)":3.6628152866202737e-05,"reg_name":"Region XIII (Caraga)","prov_name":"Agusan del Norte","city_name":"Butuan City","brgy_name":"Port Poyohon Pob. (Bgy. 17 - New Asia)","reg_code":"160000000","prov_code":"160200000","city_code":"160202000","brgy_code":"160202069","psgc_10d":"1630400069","geographic_level":"Bgy","old_names":"Bgy. 17 - New Asia","class":"Highly Urbanized Cities (HUC)","income_class":"","urban_rural2015":"U","bgypop2015":4798,"bgypop2020":6607,"bgyarea_sqkm":0.44550102000000003,"gida":"No","gida_yr":null,"st_perimeter(shape)":0.02536324221496945,"created_user":null,"created_date":null,"last_edited_user":"ADMIN2","last_edited_date":1748789494000}},{"type":"Feature","id":31492,"geometry":{"type":"Polygon","coordinates":[[[125.54689388700001,8.9457943020000243],[125.54555224900002,8.9458451760000344],[125.54553392500009,8.9458459230000358],[125.54486599800009,8.9458915460000412],[125.54416628000001,8.9459330220000766],[125.54342220800004,8.94598237200006],[125.54338067500009,8.9452853860000232],[125.5433485320001,8.9446986290000723],[125.5440762930001,8.9446503570000573],[125.54479216300001,8.9446276550000334],[125.54542833500011,8.9446091300000603],[125.54664527300008,8.9444653140000696],[125.54666308600008,8.9445195060000628],[125.54687664100004,8.9451764030000618],[125.54689388700001,8.9457943020000243]]]},"properties":{"objectid":31492,"gthcode":"8011602020740000","globalid":"{1D64ACEA-2869-4359-9C8E-44A87BC657AE}","st_area(shape)":4.4069427245479343e-06,"reg_name":"Region XIII (Caraga)","prov_name":"Agusan del Norte","city_name":"Butuan City","brgy_name":"Rajah Soliman Pob. (Bgy. 4)","reg_code":"160000000","prov_code":"160200000","city_code":"160202000","brgy_code":"160202074","psgc_10d":"1630400074","geographic_level":"Bgy","old_names":"Bgy. 4","class":"Highly Urbanized Cities (HUC)","income_class":"","urban_rural2015":"U","bgypop2015":465,"bgypop2020":423,"bgyarea_sqkm":0.053602960000000005,"gida":"No","gida_yr":null,"st_perimeter(shape)":0.0094362974769443119,"created_user":null,"created_date":null,"last_edited_user":"ADMIN2","last_edited_date":1748789494000}},{"type":"Feature","id":32551,"geometry":{"type":"Polygon","coordinates":[[[125.58685196700003,8.8855259510000337],[125.58507507900003,8.885061194000059],[125.58264003800002,8.8857019940000441],[125.58124925200002,8.8868467800000417],[125.57994709200011,8.8871630190000701],[125.57840310300003,8.8873490420000394],[125.57682191000004,8.8872932350000724],[125.57493444200009,8.8865288700000633],[125.57228295400012,8.8864375300000233],[125.57313987000009,8.8809314270000641],[125.57404510100002,8.8785015960000351],[125.57433096400007,8.8742136590000769],[125.58004485000004,8.8744456800000648],[125.58285327800002,8.8746185060000471],[125.58410626800003,8.8744888870000409],[125.58600735700008,8.8741432340000301],[125.58747638000011,8.873581548000061],[125.59168318900004,8.8731569050000303],[125.59703566600001,8.8711488670000449],[125.59983995300001,8.8686068730000329],[125.60454131600011,8.8630102090000378],[125.60788720900007,8.8576748680000605],[125.61287967800001,8.8606720620000488],[125.61454432400001,8.8613379210000289],[125.61142553000002,8.8837507660000483],[125.60879641000008,8.8840327670000647],[125.60494975900008,8.8844601720000469],[125.59974855200005,8.8844420060000289],[125.59631223000008,8.8853463010000269],[125.59305676700001,8.8863410260000251],[125.5907960290001,8.8863410260000251],[125.58685196700003,8.8855259510000337]]]},"properties":{"objectid":32551,"gthcode":"8011602020990000","globalid":"{3A66DBAA-BE74-4179-B8E3-70AE1257607C}","st_area(shape)":0.00063232688404889908,"reg_name":"Region XIII (Caraga)","prov_name":"Agusan del Norte","city_name":"Butuan City","brgy_name":"Salvacion","reg_code":"160000000","prov_code":"160200000","city_code":"160202000","brgy_code":"160202099","psgc_10d":"1630400099","geographic_level":"Bgy","old_names":"","class":"Highly Urbanized Cities (HUC)","income_class":"","urban_rural2015":"R","bgypop2015":1580,"bgypop2020":1501,"bgyarea_sqkm":7.6925946999999999,"gida":"No","gida_yr":null,"st_perimeter(shape)":0.1236253695248343,"created_user":null,"created_date":null,"last_edited_user":"ADMIN2","last_edited_date":1748789494000}},{"type":"Feature","id":33438,"geometry":{"type":"Polygon","coordinates":[[[125.54388236500006,8.9539627020000694],[125.5422431070001,8.9539331200000447],[125.54174036300003,8.95389001500007],[125.54088571300008,8.9539774370000487],[125.53920873300001,8.9538228640000739],[125.53725754100003,8.9536452150000514],[125.53741752700012,8.9528390750000426],[125.53757380700006,8.9521264410000754],[125.53766072000008,8.9516822650000449],[125.54098655100006,8.9516099640000562],[125.54177075600012,8.9515934480000396],[125.54236790200002,8.9515924340000765],[125.54247498700011,8.9515933060000634],[125.54275777900011,8.9516035210000382],[125.5426704140001,8.9517676000000392],[125.54447771900004,8.9520797240000434],[125.54407203500011,8.9532602220000399],[125.54388236500006,8.9539627020000694]]]},"properties":{"objectid":33438,"gthcode":"8011602020750000","globalid":"{64D59322-4C00-4072-97EE-E1A116790F9E}","st_area(shape)":1.4688399328363845e-05,"reg_name":"Region XIII (Caraga)","prov_name":"Agusan del Norte","city_name":"Butuan City","brgy_name":"San Ignacio Pob. (Bgy. 15)","reg_code":"160000000","prov_code":"160200000","city_code":"160202000","brgy_code":"160202075","psgc_10d":"1630400075","geographic_level":"Bgy","old_names":"Bgy. 15","class":"Highly Urbanized Cities (HUC)","income_class":"","urban_rural2015":"U","bgypop2015":2637,"bgypop2020":1751,"bgyarea_sqkm":0.17865578000000001,"gida":"No","gida_yr":null,"st_perimeter(shape)":0.01774465547130729,"created_user":null,"created_date":null,"last_edited_user":"ADMIN2","last_edited_date":1748789494000}},{"type":"Feature","id":34484,"geometry":{"type":"Polygon","coordinates":[[[125.58697139000003,8.8036000090000357],[125.58633092800005,8.8036489300000653],[125.58600977500009,8.8035072450000484],[125.58552804400006,8.8033561140000529],[125.58519744500006,8.8031955370000219],[125.58470626900009,8.8029027210000663],[125.58441345200004,8.80276103500006],[125.58426696000004,8.8027088600000525],[125.58418045700012,8.8026915600000279],[125.58401673300011,8.8027138060000425],[125.58391518200006,8.8028088190000631],[125.58346888200003,8.8034127880000597],[125.58314772900007,8.8036111480000727],[125.58289269500006,8.8037339420000649],[125.58267544400007,8.8037339420000649],[125.58243930200001,8.8037433870000541],[125.5821275940001,8.8037244960000294],[125.58145695000007,8.8037811700000361],[125.58095632800007,8.8039417470000672],[125.58059739100008,8.8039984210000739],[125.58003065000003,8.8040456490000452],[125.57978506200004,8.8041117690000306],[125.5794922450001,8.8039889760000278],[125.57947335400002,8.8037150500000507],[125.57945446300005,8.803441125000063],[125.57959614800006,8.8032144280000466],[125.5796055940001,8.8029877320000764],[125.5795489190001,8.8028271550000454],[125.57953947400006,8.8026949150000746],[125.57943557100009,8.8024965550000616],[125.57926554800008,8.8024304360000656],[125.57890661200008,8.8024020990000622],[125.57869880600003,8.8023076420000734],[125.57808483700012,8.8021281730000283],[125.57752754100011,8.8020620540000323],[125.57716860500011,8.8022604130000559],[125.57710248500007,8.8025248930000544],[125.57723472500004,8.8027421440000353],[125.57743308300007,8.8030066230000443],[125.57759366000005,8.8032994400000462],[125.57748031200003,8.8037150500000507],[125.57724417000009,8.8038945180000496],[125.57699858100011,8.8039889760000278],[125.57656408000003,8.8040834330000735],[125.57627126400007,8.8041306610000447],[125.57610124100006,8.8043101290000436],[125.57594066400009,8.804716294000059],[125.57561951100001,8.8048579790000758],[125.57543059600005,8.8046501740000735],[125.57545893400004,8.8043951400000537],[125.57561951100001,8.8041401070000234],[125.5756950760001,8.8040362040000559],[125.5756384020001,8.8037906160000716],[125.5756667390001,8.8035733650000338],[125.57585565300008,8.8033372230000282],[125.57590288200004,8.8030821880000758],[125.5757517510001,8.8028366010000241],[125.57552505300009,8.8025248930000544],[125.57527946500011,8.8023548710000341],[125.57488274600007,8.802458773000069],[125.57470327800002,8.8026476860000571],[125.57469383200009,8.8029593950000731],[125.57459937500005,8.8032238740000253],[125.57428766800001,8.8034977990000698],[125.57394762200011,8.803658376000044],[125.57360757700008,8.8037433870000541],[125.57316362900008,8.8038378450000323],[125.57271968200007,8.8038945180000496],[125.57235130000004,8.8038283980000642],[125.57215294100001,8.8036867140000368],[125.57193569000003,8.8035450280000305],[125.57165231900001,8.8034127880000597],[125.57132171900003,8.8032616570000641],[125.57110446800004,8.8030538520000619],[125.57080220600005,8.8029027210000663],[125.57050938900011,8.8027421440000353],[125.57001198700004,8.8025369830000386],[125.5695931570001,8.8023643160000233],[125.56917754600011,8.8024398820000442],[125.56894140400004,8.8026287950000324],[125.56899807800005,8.8028460460000701],[125.56914921000009,8.8029499490000376],[125.56927200400003,8.803138863000072],[125.56928144900007,8.8033844510000563],[125.5690925350001,8.8036394850000761],[125.56874304400003,8.803856736000057],[125.56849745600005,8.8037906160000716],[125.56825186900005,8.803856736000057],[125.56799683400004,8.804073987000038],[125.56775124700005,8.8043668030000504],[125.56753399600007,8.8047068480000235],[125.56731674500008,8.8048579790000758],[125.56712372400011,8.8049544090000609],[125.56696725600011,8.8049544090000609],[125.56684921900012,8.8049022530000229],[125.56674216200008,8.8048391170000286],[125.56657998000003,8.8048768710000331],[125.56627771800004,8.8050280020000287],[125.56590933600012,8.8051602420000563],[125.56542760500008,8.8053397100000552],[125.56503088700003,8.8055286240000328],[125.56467195000005,8.8057269830000564],[125.56439802600005,8.8058970060000661],[125.56409576300007,8.806076474000065],[125.56374627200012,8.8063031710000246],[125.56341567300001,8.8064731930000448],[125.56309451900006,8.8066337700000759],[125.56288671400011,8.8068604670000354],[125.56258445200001,8.8070399350000343],[125.5623294180001,8.8071910660000299],[125.56208383000001,8.8072949690000542],[125.56175323100001,8.8071532840000373],[125.56145096900002,8.8070588260000591],[125.56110147800007,8.8068699130000709],[125.56095979200006,8.80679434700005],[125.56061030100011,8.8064259650000736],[125.56044027900009,8.8061142560000576],[125.56015690800007,8.8057269830000564],[125.55989242800001,8.8055380700000683],[125.55947681800001,8.8055380700000683],[125.55901397900004,8.8057647660000384],[125.55872116300009,8.8059347890000481],[125.55857947800007,8.8061898230000679],[125.55852280300007,8.8064354110000522],[125.55856058600011,8.8067471180000325],[125.55859836900004,8.8069643690000703],[125.55865504300004,8.807313860000022],[125.55861726000012,8.8075311110000598],[125.55849446600007,8.8078617100000542],[125.55825832300002,8.8082867670000269],[125.5580032900001,8.8085701380000501],[125.55770102800011,8.8087684970000737],[125.55737987400005,8.8088535090000732],[125.55691703500008,8.8087023780000209],[125.55666200200005,8.8085512460000359],[125.55652976200008,8.8083812230000262],[125.55636918500011,8.8082112010000628],[125.55610470500005,8.8080506240000318],[125.55585911700007,8.8078617100000542],[125.55566075800004,8.8075972310000452],[125.55558519200008,8.8074083170000677],[125.5553396040001,8.807172175000062],[125.55511290800007,8.8070493800000236],[125.55478230800009,8.8070871640000519],[125.5544233710001,8.8069549240000242],[125.5540927720001,8.8068888040000388],[125.55379051000011,8.8068888040000388],[125.55338434500004,8.8070777180000732],[125.55298762600012,8.8071816200000512],[125.55253423300007,8.8072949690000542],[125.55209028500008,8.8073799800000643],[125.55103931600001,8.7992352570000207],[125.53812863700011,8.7979537530000584],[125.52659003400004,8.7967958730000646],[125.49763153600009,8.7964821970000457],[125.49048686600008,8.7960248610000349],[125.49523072500006,8.7883819780000749],[125.50143005300004,8.7605899000000704],[125.50361071000009,8.750813838000056],[125.5321341020001,8.7497681850000504],[125.55433888200002,8.748909268000034],[125.56017653300012,8.748690095000029],[125.56033350600001,8.7663570850000383],[125.55810946700001,8.7733929780000608],[125.55814482100004,8.7782887560000518],[125.55816060900008,8.7804751410000677],[125.55886937200012,8.7824660730000232],[125.55891734700003,8.7825327040000616],[125.55917587400006,8.7827912320000223],[125.55925583100009,8.7829005070000221],[125.55938109700003,8.7829857940000693],[125.55947971100011,8.7830604210000729],[125.55959698100003,8.7831750260000376],[125.55973290800011,8.7832576480000739],[125.55986350400008,8.7833322740000312],[125.55997011400007,8.7833882440000366],[125.56007672300007,8.7833269440000663],[125.56026595500009,8.7832016780000686],[125.5604498560001,8.7830817430000252],[125.56058578300008,8.7828871810000351],[125.56071104900002,8.7827246010000408],[125.56079633700006,8.7826872880000337],[125.56095092100009,8.7826499750000266],[125.5611321560001,8.7826046650000649],[125.56133382400003,8.7826047970000332],[125.56149995800001,8.7826633010000705],[125.56167053400009,8.7826579710000487],[125.56181179100008,8.7827139400000647],[125.56194238700004,8.7827992280000444],[125.56205166200004,8.7828978410000218],[125.56218758900002,8.7830017860000567],[125.56228620200011,8.7831270520000544],[125.56237682100004,8.7832469870000409],[125.56241413400005,8.7833402700000534],[125.56248876000006,8.7834788630000276],[125.56261402700011,8.7836201200000232],[125.56269465000003,8.7837520490000429],[125.56337100400003,8.7835502740000493],[125.56359909500009,8.783497159000035],[125.56381338100005,8.7833502580000413],[125.56403624100005,8.7832120850000592],[125.56422790100009,8.7831987130000471],[125.56441956000003,8.78325219900006],[125.56460454000012,8.7833208020000484],[125.56480243400006,8.783182876000069],[125.56506029500008,8.7830269600000292],[125.56525818900002,8.7829310110000733],[125.56552804400008,8.7829250140000568],[125.56591183800003,8.7829789850000566],[125.56618769000011,8.7831109140000763],[125.56634960300005,8.7832128590000593],[125.5666194580001,8.7833687760000316],[125.56693728700009,8.7834827150000478],[125.56721913600006,8.7835306890000311],[125.56740503600008,8.7835846600000309],[125.56769288200007,8.783710592000034],[125.56786079100004,8.7837945470000705],[125.56811865200007,8.783938469000077],[125.56807667500004,8.7841723440000692],[125.56804669100006,8.7843402540000284],[125.56825058200002,8.7845501410000679],[125.56853243000012,8.7846280990000309],[125.56882027500001,8.7845621350000442],[125.56910812100011,8.7844781800000646],[125.56940196300002,8.7844062180000719],[125.56967181800007,8.7845021670000278],[125.56994167300002,8.7846700770000439],[125.57018154400009,8.7848139990000504],[125.57039742800009,8.7849819090000665],[125.5706552900001,8.7851917960000492],[125.57092514500005,8.7854076800000485],[125.5710870580001,8.7855875840000408],[125.57137490300011,8.7856775350000476],[125.57156680000003,8.7857435000000237],[125.57187263600008,8.7858214580000435],[125.57228641400002,8.7858874230000765],[125.57273017500006,8.785983371000043],[125.57300328000008,8.7854549600000382],[125.57318379700007,8.7851240130000292],[125.57343451400004,8.7848833250000666],[125.57547273300008,8.7826876190000576],[125.57591668100008,8.7829048700000385],[125.57637007400001,8.7830560020000235],[125.57704071800003,8.7832165790000545],[125.57738076400005,8.7833393730000466],[125.57820253900002,8.7835566240000276],[125.57868427000005,8.7837644290000298],[125.57926045600004,8.7838777780000328],[125.57965717600007,8.7839911260000463],[125.58039394000002,8.7841611480000665],[125.58077176800009,8.7843217250000407],[125.58109292100005,8.7845106390000751],[125.58153686900005,8.7846428790000459],[125.58198081700004,8.784841239000059],[125.58255700400002,8.7849640320000617],[125.58324653900002,8.7849923700000545],[125.58380383600002,8.7850395970000363],[125.58449337100001,8.7851340550000714],[125.58529625500012,8.7853324140000382],[125.58610858500003,8.7854835450000337],[125.58674144700001,8.7856724590000681],[125.5873459710001,8.7858613740000351],[125.58796938700004,8.7859841670000378],[125.58848890000002,8.7860975160000407],[125.58907453300003,8.786267538000061],[125.58962238400011,8.7864186690000565],[125.59016078800005,8.7866264750000482],[125.59058584500008,8.7869287370000393],[125.59085977000007,8.7873349010000652],[125.5912281520001,8.7876938380000524],[125.59149263100005,8.7879961000000435],[125.59183155300002,8.7883047460000512],[125.59203103600009,8.7885533960000544],[125.59230496100008,8.7890540180000585],[125.59246553700007,8.7893184970000675],[125.59268278800005,8.7897529990000294],[125.59275835400001,8.790102490000038],[125.59267334300011,8.79056532900006],[125.5925599950001,8.7909620490000293],[125.59259777700004,8.7913020930000698],[125.59219958300002,8.7918967930000349],[125.5917178520001,8.7925485460000345],[125.5915761660001,8.7928319170000577],[125.59150532400008,8.7931577940000238],[125.59151949300008,8.7935686810000675],[125.59164701000009,8.7938237150000305],[125.5917320210001,8.794135423000057],[125.59163284100009,8.7944612990000337],[125.59146281900007,8.7949005240000702],[125.59126445900006,8.7952547380000397],[125.59106609900005,8.7955522770000698],[125.59092441300004,8.7958214800000292],[125.59079689700002,8.7961756930000661],[125.59066938000001,8.7964874010000358],[125.58987594100006,8.7982584690000749],[125.58959257000004,8.7988818840000249],[125.58932336800001,8.7995619740000279],[125.58899749200009,8.8003270760000305],[125.58878496400007,8.8007521320000706],[125.58762314300009,8.8024381880000533],[125.58728309900005,8.8030190980000498],[125.58697139000003,8.8036000090000357]]]},"properties":{"objectid":34484,"gthcode":"8011602020760000","globalid":"{0FCA82CB-CD7F-452A-9D7D-5B4C690C4990}","st_area(shape)":0.0035971082583421393,"reg_name":"Region XIII (Caraga)","prov_name":"Agusan del Norte","city_name":"Butuan City","brgy_name":"San Mateo","reg_code":"160000000","prov_code":"160200000","city_code":"160202000","brgy_code":"160202076","psgc_10d":"1630400076","geographic_level":"Bgy","old_names":"","class":"Highly Urbanized Cities (HUC)","income_class":"","urban_rural2015":"R","bgypop2015":2828,"bgypop2020":4166,"bgyarea_sqkm":43.772073319999997,"gida":"Yes","gida_yr":"2023","st_perimeter(shape)":0.3127801370618038,"created_user":null,"created_date":null,"last_edited_user":"ADMIN2","last_edited_date":1748789466000}},{"type":"Feature","id":35522,"geometry":{"type":"Polygon","coordinates":[[[125.55382113000007,8.9208178880000446],[125.55341500500003,8.9226173290000474],[125.5533908860001,8.9227241920000324],[125.55302890100006,8.9243382270000211],[125.5527495550001,8.9255657770000312],[125.55129931500005,8.9255320320000351],[125.54858766500001,8.9254886750000537],[125.54830061200005,8.924725679000062],[125.54794927800003,8.9240010500000722],[125.54759680500001,8.923530185000061],[125.54687331400009,8.9220687070000508],[125.54616876900002,8.9193448360000502],[125.54194260700001,8.9193804890000479],[125.54240303100005,8.9181826630000387],[125.54267696200009,8.9174795130000462],[125.54022931600002,8.9175672700000632],[125.53887794100001,8.9177748190000443],[125.53898927300008,8.9172255810000252],[125.53902638400007,8.9170251850000568],[125.5391080280001,8.9167876760000695],[125.53913771600003,8.9165798570000447],[125.53920451500005,8.9162978170000429],[125.53923420300009,8.9160899970000287],[125.53930100200012,8.9158005340000273],[125.53936037900007,8.9154591170000685],[125.53940491300011,8.9151844980000305],[125.53947913400009,8.9149247240000591],[125.53956819900009,8.9145981500000744],[125.53962757600004,8.9143532210000558],[125.53966468600004,8.9141231340000218],[125.53972406300011,8.9138559380000402],[125.5397760190001,8.9136184300000423],[125.53984281800001,8.9133289670000408],[125.53985766200003,8.9130840370000328],[125.5399541490001,8.9127426190000278],[125.53996899300012,8.9124754230000462],[125.5400061040001,8.9122156490000748],[125.54011001300012,8.9119336080000267],[125.54020650200005,8.9117183660000592],[125.54028009700005,8.9062832050000225],[125.54029148100005,8.903730706000033],[125.54031074200009,8.898378560000026],[125.5431954710001,8.898378560000026],[125.54700723000008,8.8983612860000676],[125.54942228100003,8.8983756300000323],[125.55115867400002,8.8983467090000659],[125.55241710900009,8.898305505000053],[125.55331954400003,8.8982732100000703],[125.55613138300009,8.8981090470000481],[125.55644573500001,8.898780056000021],[125.55676113700008,8.8997262600000226],[125.55693922800003,8.9007808050000676],[125.55703804100006,8.9035475690000681],[125.55709693100005,8.9040956820000474],[125.55732350100004,8.9062045420000686],[125.55714783400003,8.9069840670000531],[125.55688920000011,8.9088352800000621],[125.55687132200001,8.9089633080000681],[125.55673062300002,8.9099704150000321],[125.5560718700001,8.9121552810000253],[125.55524842800003,8.9144279800000277],[125.55454575800002,8.9161297600000466],[125.55382113000007,8.9208178880000446]]]},"properties":{"objectid":35522,"gthcode":"8011602020770000","globalid":"{D3797C26-9B3A-49D1-8FF6-91DF45F214F3}","st_area(shape)":0.00037371503659199739,"reg_name":"Region XIII (Caraga)","prov_name":"Agusan del Norte","city_name":"Butuan City","brgy_name":"San Vicente","reg_code":"160000000","prov_code":"160200000","city_code":"160202000","brgy_code":"160202077","psgc_10d":"1630400077","geographic_level":"Bgy","old_names":"","class":"Highly Urbanized Cities (HUC)","income_class":"","urban_rural2015":"U","bgypop2015":16187,"bgypop2020":19500,"bgyarea_sqkm":4.5460366300000006,"gida":"No","gida_yr":null,"st_perimeter(shape)":0.084499404225203745,"created_user":null,"created_date":null,"last_edited_user":"ADMIN2","last_edited_date":1748789494000}},{"type":"Feature","id":36671,"geometry":{"type":"Polygon","coordinates":[[[125.60460356500005,9.0483429870000691],[125.60244040700002,9.0482938240000408],[125.60211675200003,9.0482774360000349],[125.60194468300006,9.0482897270000535],[125.6015636730001,9.0483675680000601],[125.60134653700004,9.0484085360000677],[125.60124821200009,9.0483962460000384],[125.60111711200011,9.0483634710000729],[125.59972416900007,9.0477571310000258],[125.59962174700001,9.0477202590000729],[125.59953571200003,9.0476915810000378],[125.5994742580001,9.0476997740000229],[125.59941280500004,9.0477325500000347],[125.59933496400004,9.047769421000055],[125.59877778700002,9.048039817000074],[125.59867536500008,9.0480766880000374],[125.59857294200003,9.0480848820000688],[125.59846642400009,9.0480603010000209],[125.59825748200001,9.0480029450000643],[125.59817144700003,9.0479660730000546],[125.59809770400011,9.0479742660000397],[125.5980198630001,9.0480275260000553],[125.59646714100006,9.0489943920000542],[125.59628278100001,9.0490476510000235],[125.59613529300009,9.0489943920000542],[125.59590586700006,9.0489042610000752],[125.5906994610001,9.0464822370000206],[125.58563973900004,9.0440654910000262],[125.58430241800011,9.0434608510000771],[125.58512466400009,9.0383822480000617],[125.58939242600002,9.0230615430000398],[125.60166094500005,9.0238803390000726],[125.63438044100008,9.0254555500000606],[125.65072799300003,9.0261388880000482],[125.65484049700001,9.0464215910000689],[125.63461840200011,9.0464702730000681],[125.61271395900008,9.04652300500004],[125.60482230500008,9.0465420030000701],[125.60460356500005,9.0483429870000691]]]},"properties":{"objectid":36671,"gthcode":"8011602021000000","globalid":"{9DD8851C-73F4-46D0-9BED-B44ED6168D84}","st_area(shape)":0.0014603770141108487,"reg_name":"Region XIII (Caraga)","prov_name":"Agusan del Norte","city_name":"Butuan City","brgy_name":"Santo Niño","reg_code":"160000000","prov_code":"160200000","city_code":"160202000","brgy_code":"160202100","psgc_10d":"1630400100","geographic_level":"Bgy","old_names":"","class":"Highly Urbanized Cities (HUC)","income_class":"","urban_rural2015":"R","bgypop2015":2658,"bgypop2020":3116,"bgyarea_sqkm":17.758669000000001,"gida":"No","gida_yr":null,"st_perimeter(shape)":0.17709315602006362,"created_user":null,"created_date":null,"last_edited_user":"ADMIN2","last_edited_date":1748789495000}},{"type":"Feature","id":37375,"geometry":{"type":"Polygon","coordinates":[[[125.54689388700001,8.9457943020000243],[125.54689600400002,8.9458701320000387],[125.54683980600009,8.9464461650000544],[125.54678360700007,8.9469379020000588],[125.54661501200007,8.9476755050000634],[125.54651666500001,8.9480548450000583],[125.54533635600001,8.9473797310000691],[125.54518688200005,8.947303689000023],[125.54506509500004,8.9472412930000473],[125.54493509300005,8.9471965140000407],[125.54484696300005,8.9471729230000392],[125.54465162000008,8.9471501330000365],[125.54432407900003,8.9471643240000276],[125.54426078800009,8.9471736300000657],[125.54351531200007,8.947271861000047],[125.54347373100006,8.9466586440000242],[125.54342220800004,8.94598237200006],[125.54416628000001,8.9459330220000766],[125.54486599800009,8.9458915460000412],[125.54553392500009,8.9458459230000358],[125.54555224900002,8.9458451760000344],[125.54689388700001,8.9457943020000243]]]},"properties":{"objectid":37375,"gthcode":"8011602020790000","globalid":"{5F6B40BD-5D30-47EC-A9C9-F89738045E6F}","st_area(shape)":5.1704985590026472e-06,"reg_name":"Region XIII (Caraga)","prov_name":"Agusan del Norte","city_name":"Butuan City","brgy_name":"Silongan Pob. (Bgy. 5)","reg_code":"160000000","prov_code":"160200000","city_code":"160202000","brgy_code":"160202079","psgc_10d":"1630400079","geographic_level":"Bgy","old_names":"Bgy. 5","class":"Highly Urbanized Cities (HUC)","income_class":"","urban_rural2015":"U","bgypop2015":661,"bgypop2020":632,"bgyarea_sqkm":0.062890080000000015,"gida":"No","gida_yr":null,"st_perimeter(shape)":0.010301436511090337,"created_user":null,"created_date":null,"last_edited_user":"ADMIN2","last_edited_date":1748789495000}},{"type":"Feature","id":38091,"geometry":{"type":"Polygon","coordinates":[[[125.6488293650001,8.8473465630000305],[125.63876141100002,8.8475207010000645],[125.63025214800007,8.8472659250000447],[125.61565018800002,8.8299058590000641],[125.61588450500005,8.8234934880000537],[125.61586564600009,8.8221424030000435],[125.61806126200008,8.8160670510000614],[125.61941184700004,8.8137660540000411],[125.62101254000004,8.8117151660000559],[125.62186290800003,8.8098643650000668],[125.62191293000001,8.8084637580000731],[125.62161280000009,8.8071631940000543],[125.62151275600002,8.8065129120000734],[125.62161280000009,8.8046120890000452],[125.6220129730001,8.8010605510000346],[125.62192589100005,8.8004065520000267],[125.6238157570001,8.8008997520000207],[125.62478920400008,8.8013751560000628],[125.62530578500002,8.801723412000058],[125.62641916000007,8.8018279210000401],[125.62831896000012,8.8024713260000453],[125.62942910100003,8.804229049000071],[125.62981490300001,8.8052915780000376],[125.62997337000002,8.8056990670000346],[125.62988281700007,8.8062876630000346],[125.62986017900005,8.8066498750000619],[125.63006392300008,8.8077591510000275],[125.63127933600003,8.8087621250000439],[125.63238947700006,8.8095947310000611],[125.6346097600001,8.8103348250000408],[125.63692255300009,8.8111674310000581],[125.63800170800005,8.8124937740000746],[125.64071553600002,8.814312831000052],[125.64330586500012,8.8181983250000258],[125.64828626400003,8.8210168210000575],[125.64815224200004,8.8318546280000305],[125.64961213600009,8.8383284700000218],[125.6488293650001,8.8473465630000305]]]},"properties":{"objectid":38091,"gthcode":"8011602021010000","globalid":"{E8C60B05-B766-4475-B18F-17DF8A7FE363}","st_area(shape)":0.0010610425080922765,"reg_name":"Region XIII (Caraga)","prov_name":"Agusan del Norte","city_name":"Butuan City","brgy_name":"Sumile","reg_code":"160000000","prov_code":"160200000","city_code":"160202000","brgy_code":"160202101","psgc_10d":"1630400101","geographic_level":"Bgy","old_names":"","class":"Highly Urbanized Cities (HUC)","income_class":"","urban_rural2015":"R","bgypop2015":2087,"bgypop2020":2399,"bgyarea_sqkm":12.909820790000001,"gida":"Yes","gida_yr":"2023","st_perimeter(shape)":0.13450759329774992,"created_user":null,"created_date":null,"last_edited_user":"ADMIN2","last_edited_date":1748789467000}},{"type":"Feature","id":38092,"geometry":{"type":"Polygon","coordinates":[[[125.63909812300005,8.9925040910000575],[125.63633471600008,8.9927953590000698],[125.62029133900012,8.9961109910000232],[125.60590926300006,8.9998199310000473],[125.59705373000008,9.0019347570000718],[125.59403736200011,9.0026435560000664],[125.5951141160001,8.9930661940000505],[125.59550794600011,8.9895609810000678],[125.59473169400007,8.9808259580000254],[125.59409298800006,8.973254091000058],[125.59657801600008,8.9733266500000468],[125.60216624400005,8.9734852580000393],[125.60328103000006,8.9781517100000769],[125.60424051500001,8.9817917400000624],[125.6067620550001,8.9828645720000395],[125.60870381500001,8.9832241570000519],[125.61028599100007,8.9833679910000228],[125.61155170500001,8.9832080780000751],[125.61192244300003,8.9827154520000363],[125.61258632700003,8.9822600990000296],[125.61391655500006,8.9818370770000229],[125.6152875570001,8.9811796080000477],[125.61654643100007,8.9806189750000271],[125.61754378400008,8.9803893070000527],[125.61875678800004,8.9805574970000634],[125.61993921400006,8.9809805200000596],[125.62128473200005,8.9812098690000539],[125.62254870300001,8.9814239290000728],[125.62398086400003,8.9817552120000528],[125.62566276200005,8.981846952000069],[125.62793587200008,8.9826318370000422],[125.62995414800002,8.9835441390000597],[125.63219667900012,8.9846297270000264],[125.63257618700004,8.9849044200000208],[125.63304381600005,8.9852201260000584],[125.63460242800011,8.9866220940000403],[125.63569110700007,8.9875306310000269],[125.63662314100009,8.9887916190000396],[125.63731237700006,8.9899194590000207],[125.63746902100002,8.9901387600000362],[125.63764133000006,8.9902640760000736],[125.6378293030001,8.9903267340000639],[125.63811126300004,8.9903815590000704],[125.6384323850001,8.9904520500000444],[125.63895714400007,8.9907575060000227],[125.63923910400001,8.9910551310000528],[125.63934875400003,8.9913449230000424],[125.63940358000002,8.9916817080000442],[125.6393252580001,8.9920263260000297],[125.63909812300005,8.9925040910000575]]]},"properties":{"objectid":38092,"gthcode":"8011602020800000","globalid":"{8C263750-27DF-4F3D-BBC0-5E533F2F4B9E}","st_area(shape)":0.00069976940334159714,"reg_name":"Region XIII (Caraga)","prov_name":"Agusan del Norte","city_name":"Butuan City","brgy_name":"Sumilihon","reg_code":"160000000","prov_code":"160200000","city_code":"160202000","brgy_code":"160202080","psgc_10d":"1630400080","geographic_level":"Bgy","old_names":"","class":"Highly Urbanized Cities (HUC)","income_class":"","urban_rural2015":"R","bgypop2015":4989,"bgypop2020":4935,"bgyarea_sqkm":8.5105072200000009,"gida":"No","gida_yr":null,"st_perimeter(shape)":0.13338479135977185,"created_user":null,"created_date":null,"last_edited_user":"ADMIN2","last_edited_date":1748789495000}},{"type":"Feature","id":38478,"geometry":{"type":"Polygon","coordinates":[[[125.58685196700003,8.8855259510000337],[125.5822887490001,8.8982489450000344],[125.58165097500012,8.9028634820000434],[125.57946874700008,8.916739537000069],[125.5783791450001,8.9202581840000335],[125.57811386700007,8.9203500110000391],[125.57744366700001,8.9205057890000603],[125.57695714800002,8.9206208790000687],[125.57672696600002,8.9206941180000285],[125.57648632300004,8.92084582800004],[125.57625614200003,8.920987076000074],[125.57588994500009,8.9212486460000378],[125.57521509500009,8.9217037760000721],[125.57376076900005,8.9224204770000597],[125.57210241900009,8.9232888870000693],[125.57194024700004,8.9233830520000765],[125.57174145300007,8.923519069000065],[125.57143280100001,8.9237126300000682],[125.57012495400011,8.9243456270000365],[125.5699941690001,8.9243979420000414],[125.56227450600011,8.9226696360000233],[125.55382113000007,8.9208178880000446],[125.55454575800002,8.9161297600000466],[125.55524842800003,8.9144279800000277],[125.5560718700001,8.9121552810000253],[125.55673062300002,8.9099704150000321],[125.55687132200001,8.9089633080000681],[125.55688920000011,8.9088352800000621],[125.55714783400003,8.9069840670000531],[125.55732350100004,8.9062045420000686],[125.55709693100005,8.9040956820000474],[125.55703804100006,8.9035475690000681],[125.55693922800003,8.9007808050000676],[125.55676113700008,8.8997262600000226],[125.55644573500001,8.898780056000021],[125.56500946400001,8.888241952000044],[125.5685252940001,8.8868095760000756],[125.57103660100006,8.8863259170000219],[125.57228295400012,8.8864375300000233],[125.57493444200009,8.8865288700000633],[125.57682191000004,8.8872932350000724],[125.57840310300003,8.8873490420000394],[125.57994709200011,8.8871630190000701],[125.58124925200002,8.8868467800000417],[125.58264003800002,8.8857019940000441],[125.58507507900003,8.885061194000059],[125.58685196700003,8.8855259510000337]]]},"properties":{"objectid":38478,"gthcode":"8011602020820000","globalid":"{E7D10929-E615-4930-A383-CEA7F9B7FC85}","st_area(shape)":0.00085907963732108762,"reg_name":"Region XIII (Caraga)","prov_name":"Agusan del Norte","city_name":"Butuan City","brgy_name":"Tagabaca","reg_code":"160000000","prov_code":"160200000","city_code":"160202000","brgy_code":"160202082","psgc_10d":"1630400082","geographic_level":"Bgy","old_names":"","class":"Highly Urbanized Cities (HUC)","income_class":"","urban_rural2015":"R","bgypop2015":3487,"bgypop2020":3767,"bgyarea_sqkm":10.4503682,"gida":"No","gida_yr":null,"st_perimeter(shape)":0.12099156922331937,"created_user":null,"created_date":null,"last_edited_user":"ADMIN2","last_edited_date":1748789495000}},{"type":"Feature","id":38652,"geometry":{"type":"Polygon","coordinates":[[[125.64685483000005,8.9714618710000309],[125.63659586800009,8.9807074820000707],[125.63594010100007,8.9813091030000578],[125.63219667900012,8.9846297270000264],[125.62995414800002,8.9835441390000597],[125.62793587200008,8.9826318370000422],[125.62566276200005,8.981846952000069],[125.62398086400003,8.9817552120000528],[125.62254870300001,8.9814239290000728],[125.62128473200005,8.9812098690000539],[125.61993921400006,8.9809805200000596],[125.61875678800004,8.9805574970000634],[125.61754378400008,8.9803893070000527],[125.61654643100007,8.9806189750000271],[125.6152875570001,8.9811796080000477],[125.61391655500006,8.9818370770000229],[125.61258632700003,8.9822600990000296],[125.61192244300003,8.9827154520000363],[125.61155170500001,8.9832080780000751],[125.61028599100007,8.9833679910000228],[125.60870381500001,8.9832241570000519],[125.6067620550001,8.9828645720000395],[125.60424051500001,8.9817917400000624],[125.60328103000006,8.9781517100000769],[125.60216624400005,8.9734852580000393],[125.60491831900003,8.9735640090000288],[125.6212477040001,8.9672038690000591],[125.63407194600006,8.9630644690000736],[125.63431151100008,8.9629368050000267],[125.63494194700002,8.9629699030000438],[125.6351562960001,8.9629068600000323],[125.64685483000005,8.9714618710000309]]]},"properties":{"objectid":38652,"gthcode":"8011602020830000","globalid":"{B0E242F5-78E1-4118-936C-84D0A29505C7}","st_area(shape)":0.00056156131938605994,"reg_name":"Region XIII (Caraga)","prov_name":"Agusan del Norte","city_name":"Butuan City","brgy_name":"Taguibo","reg_code":"160000000","prov_code":"160200000","city_code":"160202000","brgy_code":"160202083","psgc_10d":"1630400083","geographic_level":"Bgy","old_names":"","class":"Highly Urbanized Cities (HUC)","income_class":"","urban_rural2015":"U","bgypop2015":4238,"bgypop2020":5856,"bgyarea_sqkm":6.8299059300000007,"gida":"No","gida_yr":null,"st_perimeter(shape)":0.10735062217028737,"created_user":null,"created_date":null,"last_edited_user":"ADMIN2","last_edited_date":1748789495000}},{"type":"Feature","id":38854,"geometry":{"type":"Polygon","coordinates":[[[125.65043836100006,8.9310494910000671],[125.64886759500007,8.9396760020000556],[125.64739341300003,8.9456368270000439],[125.64367590900008,8.9471751050000421],[125.62662188600007,8.9432851440000718],[125.62104274700005,8.9408233410000548],[125.62709018100009,8.93407849700003],[125.63198016100012,8.9270942690000652],[125.64010090900001,8.9293670330000623],[125.65043836100006,8.9310494910000671]]]},"properties":{"objectid":38854,"gthcode":"8011602020840000","globalid":"{9CFEB2AB-029F-4374-A6EB-BF55720DB296}","st_area(shape)":0.00037934710739117639,"reg_name":"Region XIII (Caraga)","prov_name":"Agusan del Norte","city_name":"Butuan City","brgy_name":"Taligaman","reg_code":"160000000","prov_code":"160200000","city_code":"160202000","brgy_code":"160202084","psgc_10d":"1630400084","geographic_level":"Bgy","old_names":"","class":"Highly Urbanized Cities (HUC)","income_class":"","urban_rural2015":"U","bgypop2015":4100,"bgypop2020":4325,"bgyarea_sqkm":4.6142079300000001,"gida":"No","gida_yr":null,"st_perimeter(shape)":0.079013264644498871,"created_user":null,"created_date":null,"last_edited_user":"ADMIN2","last_edited_date":1748789495000}},{"type":"Feature","id":39263,"geometry":{"type":"Polygon","coordinates":[[[125.54089517000011,8.9504464720000669],[125.53868746900002,8.9506355120000762],[125.53787730300007,8.9506118820000324],[125.53673294400005,8.9504903560000457],[125.5366316730001,8.9508414280000466],[125.5362807570001,8.9507134480000445],[125.53569389100005,8.9504969770000571],[125.53505093800004,8.950258821000034],[125.53472349500009,8.9501344050000284],[125.53420882400007,8.949937445000046],[125.53218075700011,8.9491634480000357],[125.53082075700001,8.9486534480000728],[125.53088052800001,8.9484937900000432],[125.53192363000005,8.9457087900000261],[125.53196221500002,8.94560021500007],[125.53435075700008,8.9465434480000567],[125.53627787800008,8.9473260350000601],[125.53713769900003,8.9476219510000305],[125.53757075700003,8.9477734480000208],[125.53784075700003,8.9477934480000272],[125.53831075700009,8.9477934430000232],[125.53831090200003,8.9477934390000655],[125.53868075700007,8.9477734480000208],[125.54003347600008,8.9476448120000214],[125.54003355200007,8.9476448040000491],[125.54064404300004,8.9475721720000365],[125.54069984200009,8.948211016000073],[125.54075667900008,8.9488603560000684],[125.54078878500002,8.9492288280000594],[125.54087465300006,8.9502116430000456],[125.54089517000011,8.9504464720000669]]]},"properties":{"objectid":39263,"gthcode":"8011602020850000","globalid":"{862EB544-0070-45F3-8D4C-31B8235D1686}","st_area(shape)":2.9954172848484445e-05,"reg_name":"Region XIII (Caraga)","prov_name":"Agusan del Norte","city_name":"Butuan City","brgy_name":"Tandang Sora Pob. (Bgy. 12)","reg_code":"160000000","prov_code":"160200000","city_code":"160202000","brgy_code":"160202085","psgc_10d":"1630400085","geographic_level":"Bgy","old_names":"Bgy. 12","class":"Highly Urbanized Cities (HUC)","income_class":"","urban_rural2015":"U","bgypop2015":3846,"bgypop2020":4011,"bgyarea_sqkm":0.36433831,"gida":"No","gida_yr":null,"st_perimeter(shape)":0.025997708726118084,"created_user":null,"created_date":null,"last_edited_user":"ADMIN2","last_edited_date":1748789495000}},{"type":"Feature","id":40059,"geometry":{"type":"Polygon","coordinates":[[[125.59473169400007,8.9808259580000254],[125.57959483200011,8.9808903550000423],[125.56805846900011,8.9799637830000734],[125.56710421000002,8.9766328860000613],[125.56645298500007,8.9760630640000727],[125.56570407600009,8.9752924480000615],[125.56497144900004,8.9747334800000544],[125.56465668900012,8.9741365240000732],[125.56406485900004,8.9725975840000274],[125.56557254600011,8.9687677320000603],[125.5652983330001,8.9654775680000398],[125.56557075800004,8.9654977480000753],[125.56574228400007,8.9654977480000753],[125.56593735200011,8.9655145640000455],[125.56611560500005,8.9655280170000538],[125.56632412700003,8.9655683760000215],[125.56874403600011,8.9660831970000459],[125.56992459700007,8.9663146800000391],[125.57082738000008,8.9663841240000579],[125.57163720400001,8.9664787560000718],[125.57200623900007,8.9665449930000705],[125.57211032600003,8.9665544560000399],[125.57232796200003,8.9665449930000705],[125.57239419900009,8.9664976810000212],[125.57250774800002,8.966393594000067],[125.57305657000006,8.9659110100000703],[125.57333098000004,8.9658069230000592],[125.57373786500011,8.9657122980000281],[125.57459894600004,8.9656176750000327],[125.57644263800012,8.9655493830000523],[125.57682593200002,8.9655100700000503],[125.57709129000011,8.9654511020000314],[125.57977435300006,8.9649302140000486],[125.58008885200002,8.9648810740000613],[125.58035717100006,8.9648494270000469],[125.58059080500004,8.9648532260000593],[125.58071426900005,8.9648722200000748],[125.58075909600007,8.9646486850000429],[125.58086342200011,8.9641847060000259],[125.58094578500004,8.9637673990000621],[125.5810830580001,8.9631002580000541],[125.58116542000005,8.9626664790000632],[125.58126700100001,8.9620817010000451],[125.58133783200003,8.9615820990000543],[125.58138505500006,8.9612937600000464],[125.58147565500008,8.9607831090000332],[125.58161841800006,8.9600500780000516],[125.58167019300004,8.9597784990000378],[125.5879194370001,8.960906327000032],[125.58733592800002,8.9648263930000667],[125.58765398600008,8.9646716610000681],[125.58783450600004,8.9646028920000731],[125.58791187200006,8.9644997380000291],[125.58797204400003,8.9642934300000547],[125.58801502600011,8.9641301030000591],[125.58803221800008,8.9640441420000343],[125.58814396800005,8.9638206410000407],[125.58819554500008,8.9637690640000756],[125.58837606500003,8.9636057370000231],[125.58864254600007,8.9634166220000679],[125.58888323800011,8.963253294000026],[125.58909814200001,8.9630899670000304],[125.58941620100006,8.9628578700000503],[125.58955834900007,8.962766489000046],[125.59192639700007,8.9637823340000296],[125.59493526000006,8.9663044000000696],[125.59487207500001,8.96688348400005],[125.59440755500009,8.9692418150000321],[125.59409298800006,8.973254091000058],[125.59473169400007,8.9808259580000254]]]},"properties":{"objectid":40059,"gthcode":"8011602020860000","globalid":"{D5C2A724-94A7-4421-8814-21CD645F36DD}","st_area(shape)":0.0004751037893573089,"reg_name":"Region XIII (Caraga)","prov_name":"Agusan del Norte","city_name":"Butuan City","brgy_name":"Tiniwisan","reg_code":"160000000","prov_code":"160200000","city_code":"160202000","brgy_code":"160202086","psgc_10d":"1630400086","geographic_level":"Bgy","old_names":"","class":"Highly Urbanized Cities (HUC)","income_class":"","urban_rural2015":"U","bgypop2015":3684,"bgypop2020":4051,"bgyarea_sqkm":5.7784134900000002,"gida":"No","gida_yr":null,"st_perimeter(shape)":0.098404270298773078,"created_user":null,"created_date":null,"last_edited_user":"ADMIN2","last_edited_date":1748789495000}},{"type":"Feature","id":40783,"geometry":{"type":"Polygon","coordinates":[[[125.57547273300008,8.7826876190000576],[125.57343451400004,8.7848833250000666],[125.57318379700007,8.7851240130000292],[125.57300328000008,8.7854549600000382],[125.57273017500006,8.785983371000043],[125.57228641400002,8.7858874230000765],[125.57187263600008,8.7858214580000435],[125.57156680000003,8.7857435000000237],[125.57137490300011,8.7856775350000476],[125.5710870580001,8.7855875840000408],[125.57092514500005,8.7854076800000485],[125.5706552900001,8.7851917960000492],[125.57039742800009,8.7849819090000665],[125.57018154400009,8.7848139990000504],[125.56994167300002,8.7846700770000439],[125.56967181800007,8.7845021670000278],[125.56940196300002,8.7844062180000719],[125.56910812100011,8.7844781800000646],[125.56882027500001,8.7845621350000442],[125.56853243000012,8.7846280990000309],[125.56825058200002,8.7845501410000679],[125.56804669100006,8.7843402540000284],[125.56807667500004,8.7841723440000692],[125.56811865200007,8.783938469000077],[125.56786079100004,8.7837945470000705],[125.56769288200007,8.783710592000034],[125.56740503600008,8.7835846600000309],[125.56721913600006,8.7835306890000311],[125.56693728700009,8.7834827150000478],[125.5666194580001,8.7833687760000316],[125.56634960300005,8.7832128590000593],[125.56618769000011,8.7831109140000763],[125.56591183800003,8.7829789850000566],[125.56552804400008,8.7829250140000568],[125.56525818900002,8.7829310110000733],[125.56506029500008,8.7830269600000292],[125.56480243400006,8.783182876000069],[125.56460454000012,8.7833208020000484],[125.56441956000003,8.78325219900006],[125.56422790100009,8.7831987130000471],[125.56403624100005,8.7832120850000592],[125.56381338100005,8.7833502580000413],[125.56359909500009,8.783497159000035],[125.56337100400003,8.7835502740000493],[125.56269465000003,8.7837520490000429],[125.56261402700011,8.7836201200000232],[125.56248876000006,8.7834788630000276],[125.56241413400005,8.7833402700000534],[125.56237682100004,8.7832469870000409],[125.56228620200011,8.7831270520000544],[125.56218758900002,8.7830017860000567],[125.56205166200004,8.7828978410000218],[125.56194238700004,8.7827992280000444],[125.56181179100008,8.7827139400000647],[125.56167053400009,8.7826579710000487],[125.56149995800001,8.7826633010000705],[125.56133382400003,8.7826047970000332],[125.5611321560001,8.7826046650000649],[125.56095092100009,8.7826499750000266],[125.56079633700006,8.7826872880000337],[125.56071104900002,8.7827246010000408],[125.56058578300008,8.7828871810000351],[125.5604498560001,8.7830817430000252],[125.56026595500009,8.7832016780000686],[125.56007672300007,8.7833269440000663],[125.55997011400007,8.7833882440000366],[125.55986350400008,8.7833322740000312],[125.55973290800011,8.7832576480000739],[125.55959698100003,8.7831750260000376],[125.55947971100011,8.7830604210000729],[125.55938109700003,8.7829857940000693],[125.55925583100009,8.7829005070000221],[125.55917587400006,8.7827912320000223],[125.55891734700003,8.7825327040000616],[125.55886937200012,8.7824660730000232],[125.55816060900008,8.7804751410000677],[125.55814482100004,8.7782887560000518],[125.55810946700001,8.7733929780000608],[125.56033350600001,8.7663570850000383],[125.57371135100004,8.7664932740000268],[125.5777602170001,8.7666622160000429],[125.58393166400003,8.7666440370000487],[125.58354551500008,8.7672967010000207],[125.58329210800002,8.7676456050000411],[125.58273343400003,8.768302133000077],[125.58161972400001,8.7694467800000666],[125.5809804810001,8.7699996270000611],[125.5795532730001,8.7714377980000222],[125.57894874900012,8.7719478650000724],[125.57867482300003,8.7721934530000567],[125.57824032100007,8.7725618350000332],[125.57798528800004,8.7729396630000451],[125.57768302600005,8.7733836100000531],[125.57732408900006,8.7737708850000331],[125.57679513000005,8.7742242780000765],[125.57633229200007,8.7747721280000519],[125.57601113800001,8.775112173000025],[125.57562386400002,8.7754805550000583],[125.57534049300011,8.7757261430000426],[125.57503823100001,8.776018959000055],[125.57476430600002,8.7764440160000277],[125.57435814100006,8.7767935070000362],[125.5739236390001,8.7773508020000577],[125.5735647030001,8.7777475210000375],[125.57341357200005,8.7781253500000389],[125.57327188600004,8.7786259710000536],[125.57324354900004,8.7788810050000734],[125.57311131000006,8.7794383010000274],[125.57308297300006,8.7799200310000742],[125.57313964600007,8.780430099000057],[125.57329077700001,8.7807418070000267],[125.57347024600006,8.7811007430000245],[125.57355525700007,8.7812802110000234],[125.57389530300009,8.7816202560000534],[125.57427313000005,8.7819603020000727],[125.57467929500001,8.7822625640000638],[125.57500044900007,8.7824987060000694],[125.57547273300008,8.7826876190000576]]]},"properties":{"objectid":40783,"gthcode":"8011602020870000","globalid":"{32F3231E-7259-4C24-BDB0-27BBDC6BA66C}","st_area(shape)":0.00032118407379824098,"reg_name":"Region XIII (Caraga)","prov_name":"Agusan del Norte","city_name":"Butuan City","brgy_name":"Tungao","reg_code":"160000000","prov_code":"160200000","city_code":"160202000","brgy_code":"160202087","psgc_10d":"1630400087","geographic_level":"Bgy","old_names":"","class":"Highly Urbanized Cities (HUC)","income_class":"","urban_rural2015":"U","bgypop2015":5702,"bgypop2020":4607,"bgyarea_sqkm":3.9084257800000004,"gida":"Yes","gida_yr":"2023","st_perimeter(shape)":0.08240230173154113,"created_user":null,"created_date":null,"last_edited_user":"ADMIN2","last_edited_date":1748789467000}},{"type":"Feature","id":41200,"geometry":{"type":"Polygon","coordinates":[[[125.54618355300011,8.9487186310000766],[125.54457700000012,8.9486848270000223],[125.54442351200009,8.9486780940000585],[125.54433359400002,8.948685772000033],[125.54363770900011,8.9487161470000274],[125.54297034100011,8.9487463590000402],[125.54292628400003,8.9480465950000507],[125.54288703600002,8.9473401370000261],[125.54351531200007,8.947271861000047],[125.54426078800009,8.9471736300000657],[125.54432407900003,8.9471643240000276],[125.54465162000008,8.9471501330000365],[125.54484696300005,8.9471729230000392],[125.54493509300005,8.9471965140000407],[125.54506509500004,8.9472412930000473],[125.54518688200005,8.947303689000023],[125.54533635600001,8.9473797310000691],[125.54651666500001,8.9480548450000583],[125.54634104500008,8.9485184810000646],[125.54618355300011,8.9487186310000766]]]},"properties":{"objectid":41200,"gthcode":"8011602020890000","globalid":"{A1D9530B-7001-46B3-8F2E-0ADA34543CA1}","st_area(shape)":4.624232780364084e-06,"reg_name":"Region XIII (Caraga)","prov_name":"Agusan del Norte","city_name":"Butuan City","brgy_name":"Urduja Pob. (Bgy. 9)","reg_code":"160000000","prov_code":"160200000","city_code":"160202000","brgy_code":"160202089","psgc_10d":"1630400089","geographic_level":"Bgy","old_names":"Bgy. 9","class":"Highly Urbanized Cities (HUC)","income_class":"","urban_rural2015":"U","bgypop2015":83,"bgypop2020":99,"bgyarea_sqkm":0.056245509999999999,"gida":"No","gida_yr":null,"st_perimeter(shape)":0.0092399564154813131,"created_user":null,"created_date":null,"last_edited_user":"ADMIN2","last_edited_date":1748789495000}},{"type":"Feature","id":41441,"geometry":{"type":"Polygon","coordinates":[[[125.53967662500008,8.9352395970000771],[125.53792917700002,8.9352457960000606],[125.53700740700003,8.9352169900000717],[125.53581857600011,8.9351738870000759],[125.53563991200008,8.9356437080000433],[125.53543717100001,8.9362206310000261],[125.53531204300009,8.936570161000077],[125.53510754000001,8.9370823580000547],[125.53452039600006,8.9386229370000478],[125.53438467300009,8.9390028950000442],[125.53234627900008,8.9382758060000356],[125.53064500900007,8.9374786850000305],[125.52854228100011,8.9370929520000573],[125.52704063100009,8.9368269710000732],[125.52551606700001,8.9365248390000716],[125.52458731700006,8.9363589860000729],[125.52472567500001,8.9300621380000393],[125.52474016300005,8.9295374210000205],[125.52487491300008,8.9222439930000519],[125.53482251700007,8.9222586850000312],[125.53525372800004,8.9222657730000492],[125.53554843200004,8.9220054290000235],[125.53575625200006,8.9218421420000595],[125.53599815700011,8.9216120560000718],[125.53619855500006,8.9214710360000709],[125.53637668600004,8.9213374380000232],[125.53653255100005,8.9212038400000324],[125.53671810300011,8.9209960210000645],[125.53691107900011,8.9208624220000274],[125.53709663200004,8.9206768690000331],[125.53725249700005,8.9205210040000225],[125.5373860950001,8.9203428740000277],[125.53761618100009,8.9200534110000262],[125.53786111000011,8.9197713700000349],[125.53803182000001,8.9194967520000432],[125.53820252800006,8.9191850230000682],[125.5383880820001,8.9189104040000302],[125.53853652400005,8.9186432070000592],[125.5386701220001,8.9184057000000507],[125.53875918800009,8.9180939700000295],[125.53887794100001,8.9177748190000443],[125.54022931600002,8.9175672700000632],[125.54267696200009,8.9174795130000462],[125.54240303100005,8.9181826630000387],[125.54194260700001,8.9193804890000479],[125.54616876900002,8.9193448360000502],[125.54687331400009,8.9220687070000508],[125.54759680500001,8.923530185000061],[125.54794927800003,8.9240010500000722],[125.54830061200005,8.924725679000062],[125.54858766500001,8.9254886750000537],[125.54727287800006,8.9274496020000242],[125.54531792400007,8.9303729580000208],[125.54103040500001,8.9278403440000602],[125.53966722400003,8.9277717170000415],[125.53967103000002,8.9292965730000446],[125.53966239800002,8.9319898650000482],[125.53966374700008,8.9321984720000387],[125.5396652820001,8.9323853530000292],[125.53966784600004,8.9326976960000479],[125.53967048300001,8.9330188810000664],[125.53967543200008,8.9336362910000275],[125.5396803540001,8.9342209610000509],[125.53967662500008,8.9352395970000771]]]},"properties":{"objectid":41441,"gthcode":"8011602020900000","globalid":"{E86EBE07-CCFC-4854-AD78-D443CDBF6F3D}","st_area(shape)":0.00030564982005441729,"reg_name":"Region XIII (Caraga)","prov_name":"Agusan del Norte","city_name":"Butuan City","brgy_name":"Villa Kananga","reg_code":"160000000","prov_code":"160200000","city_code":"160202000","brgy_code":"160202090","psgc_10d":"1630400090","geographic_level":"Bgy","old_names":"","class":"Highly Urbanized Cities (HUC)","income_class":"","urban_rural2015":"U","bgypop2015":11173,"bgypop2020":12407,"bgyarea_sqkm":3.7178825799999999,"gida":"No","gida_yr":null,"st_perimeter(shape)":0.084952070608581939,"created_user":null,"created_date":null,"last_edited_user":"ADMIN2","last_edited_date":1748789495000}}]}